發生日期,事故類別名稱,發生地點,道路類別-第1當事者-名稱,速限-第1當事者,道路型態大類別名稱,死亡受傷人數,經度,緯度
20180101,A2,屏東縣枋寮鄉,省道,50,交岔路,死亡0;受傷2,120.594019,22.387537
20180101,A2,臺南市北區,市區道路,40,交岔路,死亡0;受傷3,120.216171,23.014823
20180101,A2,桃園市八德區,市區道路,50,交岔路,死亡0;受傷1,121.2975,24.964438
20180101,A2,臺北市內湖區,市區道路,50,單路部分,死亡0;受傷2,121.607093,25.070745
20180101,A2,雲林縣麥寮鄉,村里道路,40,單路部分,死亡0;受傷2,120.237057,23.80168
20180101,A2,桃園市中壢區,市區道路,50,交岔路,死亡0;受傷1,121.260771,24.969398
20180101,A2,臺中市后里區,市區道路,60,交岔路,死亡0;受傷2,120.723193,24.287729
20180101,A2,臺南市永康區,市區道路,50,交岔路,死亡0;受傷1,120.267025,23.031889
20180101,A2,屏東縣佳冬鄉,村里道路,40,交岔路,死亡0;受傷1,120.547045,22.400882
20180101,A2,花蓮縣光復鄉,村里道路,50,單路部分,死亡0;受傷2,121.409129,23.685079
20180101,A2,臺中市大雅區,市區道路,40,交岔路,死亡0;受傷1,120.644905,24.227725
20180101,A2,屏東縣鹽埔鄉,村里道路,40,單路部分,死亡0;受傷3,120.544308,22.736693
20180101,A2,屏東縣恆春鎮,省道,60,單路部分,死亡0;受傷2,120.762739,21.961297
20180101,A2,彰化縣和美鎮,縣道,60,交岔路,死亡0;受傷2,120.496177,24.110408
20180101,A2,桃園市大溪區,專用道路,40,單路部分,死亡0;受傷1,121.311293,24.826898
20180101,A2,桃園市中壢區,市區道路,50,單路部分,死亡0;受傷1,121.229183,25.003147
20180101,A2,臺北市內湖區,市區道路,50,單路部分,死亡0;受傷1,121.586876,25.088118
20180101,A2,臺東縣臺東市,市區道路,50,交岔路,死亡0;受傷2,121.088519,22.774483
20180101,A2,臺中市中區,市區道路,50,交岔路,死亡0;受傷3,120.679906,24.146241
20180101,A2,彰化縣鹿港鎮,村里道路,60,交岔路,死亡0;受傷2,120.477617,24.048883
20180101,A2,臺中市西區,市區道路,50,單路部分,死亡0;受傷2,120.661108,24.150776
20180101,A2,臺南市新營區,市區道路,50,交岔路,死亡0;受傷2,120.30893,23.32804
20180101,A2,彰化縣埔心鄉,村里道路,50,交岔路,死亡0;受傷2,120.551093,23.952052
20180101,A2,臺北市中正區,市區道路,50,交岔路,死亡0;受傷3,121.509197,25.03049
20180101,A2,雲林縣斗六市,市區道路,50,交岔路,死亡0;受傷1,120.544534,23.707577
20180101,A2,新竹縣湖口鄉,村里道路,50,交岔路,死亡0;受傷1,121.006309,24.879039
20180101,A2,臺南市新營區,市區道路,50,交岔路,死亡0;受傷1,120.323502,23.310296
20180101,A2,高雄市大樹區,市區道路,70,單路部分,死亡0;受傷1,120.436437,22.759415
20180101,A2,臺南市新營區,市區道路,50,交岔路,死亡0;受傷1,120.305448,23.303401
20180101,A2,臺中市北屯區,市區道路,30,單路部分,死亡0;受傷1,120.712075,24.166276
20180101,A2,新北市板橋區,市區道路,50,交岔路,死亡0;受傷1,121.431867,24.996047
20180101,A2,臺南市麻豆區,市區道路,40,交岔路,死亡0;受傷1,120.253785,23.177102
20180101,A2,花蓮縣壽豐鄉,省道,70,單路部分,死亡0;受傷1,121.498366,23.852273
20180101,A2,高雄市大寮區,市區道路,50,交岔路,死亡0;受傷1,120.40311,22.591411
20180101,A2,雲林縣北港鎮,村里道路,50,交岔路,死亡0;受傷1,120.298644,23.575844
20180101,A2,高雄市新興區,市區道路,50,單路部分,死亡0;受傷1,120.29956,22.634285
20180101,A2,桃園市龜山區,村里道路,50,單路部分,死亡0;受傷2,121.386276,25.036441
20180101,A2,南投縣仁愛鄉,省道,30,單路部分,死亡0;受傷1,121.279825,24.13805
20180101,A2,桃園市蘆竹區,市區道路,50,交岔路,死亡0;受傷3,121.299072,25.053148
20180101,A2,高雄市楠梓區,市區道路,50,單路部分,死亡0;受傷1,120.325341,22.719489
20180101,A2,宜蘭縣礁溪鄉,村里道路,60,交岔路,死亡0;受傷2,121.769792,24.821339
20180101,A2,桃園市中壢區,其他,50,單路部分,死亡0;受傷2,121.223113,24.953524
20180101,A2,高雄市彌陀區,市區道路,40,交岔路,死亡0;受傷2,120.246689,22.769892
20180101,A2,嘉義縣朴子市,省道,50,交岔路,死亡0;受傷2,120.243816,23.455392
20180101,A2,臺中市西區,市區道路,50,交岔路,死亡0;受傷1,120.66169,24.149361
20180101,A2,臺中市西屯區,市區道路,40,單路部分,死亡0;受傷1,120.621133,24.185053
20180101,A2,臺北市中正區,市區道路,50,交岔路,死亡0;受傷1,121.511487,25.044062
20180101,A2,新北市板橋區,市區道路,50,交岔路,死亡0;受傷2,121.459662,25.006173
20180101,A2,高雄市左營區,市區道路,50,單路部分,死亡0;受傷1,120.312967,22.679854
20180101,A2,臺北市中山區,市區道路,50,交岔路,死亡0;受傷2,121.527672,25.068268
20180101,A2,彰化縣彰化市,市區道路,50,單路部分,死亡0;受傷2,120.535705,24.073214
20180101,A2,臺東縣臺東市,市區道路,50,交岔路,死亡0;受傷1,121.14959,22.758232
20180101,A2,桃園市八德區,市區道路,50,交岔路,死亡0;受傷1,121.284714,24.930153
20180101,A2,南投縣草屯鎮,省道,50,交岔路,死亡0;受傷1,120.687148,23.986226
20180101,A2,新北市新店區,市區道路,50,交岔路,死亡0;受傷1,121.476616,24.95811
20180101,A2,桃園市平鎮,市區道路,50,單路部分,死亡0;受傷1,121.203208,24.952629
20180101,A2,臺北市中山區,市區道路,50,交岔路,死亡0;受傷3,121.528969,25.062675
20180101,A2,臺南市安平區,市區道路,50,單路部分,死亡0;受傷1,120.156609,23.003689
20180101,A2,基隆市七堵區,市區道路,50,交岔路,死亡0;受傷3,121.69958,25.081109
20180101,A2,彰化縣鹿港鎮,村里道路,50,單路部分,死亡0;受傷1,120.490128,24.068885
20180101,A2,臺北市中正區,市區道路,50,交岔路,死亡0;受傷1,121.512864,25.038785
20180101,A2,臺中市梧棲區,市區道路,50,單路部分,死亡0;受傷1,120.540825,24.24962
20180101,A2,新竹縣橫山鄉,村里道路,50,單路部分,死亡0;受傷2,121.181782,24.705791
20180101,A2,新竹縣竹北市,縣道,40,交岔路,死亡0;受傷4,120.986575,24.843929
20180101,A2,臺南市永康區,市區道路,40,交岔路,死亡0;受傷1,120.236124,23.005024
20180101,A2,高雄市旗山區,市區道路,60,單路部分,死亡0;受傷3,120.471469,22.908514
20180101,A2,屏東縣萬巒鄉,鄉道,40,單路部分,死亡0;受傷1,120.579826,22.588642
20180101,A2,新北市淡水區,市區道路,10,單路部分,死亡0;受傷1,121.438594,25.18349
20180101,A2,臺中市太平區,市區道路,50,交岔路,死亡0;受傷1,120.728679,24.150172
20180101,A2,新北市新莊區,市區道路,50,交岔路,死亡0;受傷1,121.452619,25.036297
20180101,A2,臺東縣東河鄉,省道,60,交岔路,死亡0;受傷2,121.344379,23.059007
20180101,A2,桃園市平鎮,市區道路,50,交岔路,死亡0;受傷1,121.230785,24.906439
20180101,A2,新北市新店區,市區道路,40,單路部分,死亡0;受傷2,121.542779,24.953206
20180101,A2,臺南市永康區,市區道路,50,交岔路,死亡0;受傷1,120.263193,23.011518
20180101,A2,臺東縣東河鄉,鄉道,40,單路部分,死亡0;受傷1,121.299729,23.07434
20180101,A2,屏東縣恆春鎮,村里道路,40,交岔路,死亡0;受傷1,120.743176,22.012768
20180101,A2,桃園市大溪區,市區道路,50,交岔路,死亡0;受傷1,121.281111,24.899383
20180101,A2,屏東縣屏東市,市區道路,50,單路部分,死亡0;受傷1,120.480207,22.677261
20180101,A2,新北市三重區,市區道路,50,交岔路,死亡0;受傷1,121.500532,25.067636
20180101,A2,宜蘭縣宜蘭市,市區道路,40,單路部分,死亡0;受傷1,121.761691,24.770673
20180101,A2,嘉義縣太保市,省道,70,交岔路,死亡0;受傷1,120.369399,23.48285
20180101,A2,臺中市沙鹿區,市區道路,50,交岔路,死亡0;受傷1,120.564638,24.239512
20180101,A2,高雄市燕巢區,市區道路,50,交岔路,死亡0;受傷2,120.360462,22.794482
20180101,A2,屏東縣恆春鎮,省道,60,交岔路,死亡0;受傷2,120.767564,21.958424
20180101,A2,嘉義市西區,市區道路,50,交岔路,死亡0;受傷2,120.434036,23.487913
20180101,A2,臺南市中西區,市區道路,50,交岔路,死亡0;受傷2,120.193908,22.996122
20180101,A2,新竹市東區,市區道路,50,單路部分,死亡0;受傷1,120.975846,24.809185
20180101,A2,澎湖縣湖西鄉,縣道,40,單路部分,死亡0;受傷1,119.6425,23.562823
20180101,A2,臺東縣臺東市,市區道路,50,交岔路,死亡0;受傷1,121.146081,22.754409
20180101,A2,苗栗縣頭份市,村里道路,50,單路部分,死亡0;受傷1,120.90778,24.693401
20180101,A2,新北市板橋區,市區道路,50,單路部分,死亡0;受傷2,121.467731,25.006527
20180101,A2,雲林縣斗六市,市區道路,50,交岔路,死亡0;受傷1,120.532078,23.69992
20180101,A2,南投縣埔里鎮,村里道路,50,單路部分,死亡0;受傷1,120.948958,23.971003
20180101,A2,臺北市文山區,市區道路,50,單路部分,死亡0;受傷2,121.5386,25.007132
20180101,A2,新竹縣竹東鎮,縣道,50,單路部分,死亡0;受傷1,121.103539,24.722645
20180101,A2,南投縣竹山鎮,省道,50,單路部分,死亡0;受傷2,120.724586,23.814838
20180101,A2,南投縣草屯鎮,村里道路,50,交岔路,死亡0;受傷1,120.691857,23.980775
20180101,A2,桃園市桃園區,市區道路,50,交岔路,死亡0;受傷1,121.288559,24.989943
20180101,A2,桃園市龍潭區,村里道路,50,交岔路,死亡0;受傷1,121.216887,24.866189
20180101,A2,宜蘭縣羅東鎮,村里道路,50,交岔路,死亡0;受傷2,121.768864,24.675225
20180101,A2,臺北市內湖區,市區道路,50,單路部分,死亡0;受傷1,121.615776,25.068196
20180101,A2,高雄市仁武區,市區道路,40,交岔路,死亡0;受傷2,120.321667,22.69166
20180101,A2,新竹市香山區,市區道路,50,交岔路,死亡0;受傷2,120.918446,24.829819
20180101,A2,臺東縣臺東市,市區道路,40,單路部分,死亡0;受傷1,121.138097,22.744226
20180101,A2,高雄市前金區,市區道路,40,單路部分,死亡0;受傷2,120.295079,22.631617
20180101,A2,屏東縣潮州鎮,其他,50,單路部分,死亡0;受傷1,120.535121,22.534036
20180101,A2,屏東縣枋山鄉,省道,70,單路部分,死亡0;受傷3,120.669233,22.238462
20180101,A2,花蓮縣花蓮市,市區道路,50,交岔路,死亡0;受傷2,121.600195,23.988765
20180101,A2,雲林縣斗南鎮,其他,50,交岔路,死亡0;受傷2,120.477247,23.676975
20180101,A2,南投縣南投市,市區道路,50,交岔路,死亡0;受傷1,120.683548,23.904436
20180101,A2,桃園市中壢區,市區道路,50,交岔路,死亡0;受傷2,121.215407,24.964506
20180101,A2,宜蘭縣礁溪鄉,鄉道,50,交岔路,死亡0;受傷1,121.757003,24.784247
20180101,A2,臺中市西屯區,市區道路,40,單路部分,死亡0;受傷2,120.625968,24.189533
20180101,A2,宜蘭縣宜蘭市,市區道路,50,交岔路,死亡0;受傷1,121.756421,24.750182
20180101,A2,桃園市桃園區,市區道路,50,交岔路,死亡0;受傷1,121.301075,24.991854
20180101,A2,臺南市新營區,市區道路,50,交岔路,死亡0;受傷1,120.313569,23.301285
20180101,A2,臺中市清水區,市區道路,50,交岔路,死亡0;受傷1,120.557231,24.26944
20180101,A2,臺南市安南區,市區道路,70,交岔路,死亡0;受傷1,120.135568,23.081432
20180101,A2,臺南市新營區,市區道路,50,單路部分,死亡0;受傷1,120.309834,23.330358
20180101,A2,臺北市內湖區,市區道路,50,交岔路,死亡0;受傷1,121.577411,25.079263
20180101,A2,新北市三重區,市區道路,50,交岔路,死亡0;受傷1,121.499774,25.062779
20180101,A2,桃園市桃園區,市區道路,50,單路部分,死亡0;受傷1,121.292189,25.018338
20180101,A2,新竹市北區,市區道路,50,單路部分,死亡0;受傷1,120.968598,24.813983
20180101,A2,桃園市龍潭區,鄉道,50,單路部分,死亡0;受傷2,121.247488,24.82534
20180101,A2,高雄市鳳山區,市區道路,50,交岔路,死亡0;受傷4,120.34177,22.598048
20180101,A2,雲林縣林內鄉,鄉道,60,交岔路,死亡0;受傷1,120.579452,23.764677
20180101,A2,高雄市燕巢區,市區道路,50,單路部分,死亡0;受傷1,120.000015,21.999938
20180101,A2,臺中市東區,市區道路,50,交岔路,死亡0;受傷1,120.696187,24.142747
20180101,A2,臺南市西港區,市區道路,50,單路部分,死亡0;受傷1,120.190698,23.116888
20180101,A2,新竹市東區,市區道路,50,交岔路,死亡0;受傷1,120.983216,24.802367
20180101,A2,臺中市南區,市區道路,50,交岔路,死亡0;受傷1,120.662691,24.126991
20180101,A2,臺中市后里區,市區道路,50,單路部分,死亡0;受傷1,120.727003,24.30918
20180101,A2,新北市五股區,市區道路,50,單路部分,死亡0;受傷1,121.423283,25.070959
20180101,A2,臺南市七股區,村里道路,40,單路部分,死亡0;受傷1,120.139168,23.140424
20180101,A2,高雄市湖內區,市區道路,50,單路部分,死亡0;受傷1,120.2244,22.90996
20180101,A2,高雄市路竹區,市區道路,60,單路部分,死亡0;受傷1,120.2277,22.86021
20180101,A2,桃園市平鎮,市區道路,50,交岔路,死亡0;受傷2,121.221089,24.918366
20180101,A2,臺南市永康區,市區道路,50,交岔路,死亡0;受傷2,120.250863,23.016921
20180101,A2,臺中市中區,市區道路,50,交岔路,死亡0;受傷1,120.678778,24.147173
20180101,A2,新北市三峽區,市區道路,50,單路部分,死亡0;受傷1,121.370434,24.935789
20180101,A2,桃園市平鎮,市區道路,50,交岔路,死亡0;受傷1,121.198638,24.934469
20180101,A2,臺中市中區,市區道路,50,單路部分,死亡0;受傷2,120.679021,24.142866
20180101,A2,桃園市桃園區,市區道路,50,交岔路,死亡0;受傷1,121.314106,24.987637
20180101,A2,彰化縣溪湖鎮,村里道路,40,單路部分,死亡0;受傷1,120.469758,23.96295
20180101,A2,高雄市左營區,市區道路,30,單路部分,死亡0;受傷1,120.289629,22.68584
20180101,A2,高雄市前金區,市區道路,40,交岔路,死亡0;受傷2,120.294542,22.628945
20180101,A2,臺中市南區,市區道路,50,單路部分,死亡0;受傷1,120.660761,24.123427
20180101,A2,臺中市南屯區,市區道路,50,交岔路,死亡0;受傷1,120.635248,24.151246
20180101,A2,臺中市霧峰區,市區道路,70,單路部分,死亡0;受傷2,120.696926,24.02791
20180101,A2,高雄市茄萣區,市區道路,50,單路部分,死亡0;受傷2,120.183253,22.90834
20180101,A2,彰化縣鹿港鎮,村里道路,60,交岔路,死亡0;受傷1,120.458836,24.072002
20180101,A2,臺中市北區,市區道路,50,單路部分,死亡0;受傷1,120.676094,24.150368
20180101,A2,桃園市中壢區,其他,50,單路部分,死亡0;受傷2,121.229646,24.964795
20180101,A2,臺中市清水區,市區道路,50,交岔路,死亡0;受傷1,120.576659,24.272342
20180101,A2,宜蘭縣礁溪鄉,村里道路,50,單路部分,死亡0;受傷2,121.756774,24.809262
20180101,A2,宜蘭縣蘇澳鎮,省道,40,單路部分,死亡0;受傷1,121.866328,24.560063
20180101,A2,基隆市仁愛區,市區道路,50,單路部分,死亡0;受傷2,121.740626,25.129964
20180101,A2,屏東縣屏東市,市區道路,40,交岔路,死亡0;受傷1,120.464115,22.632875
20180101,A2,臺南市新化區,市區道路,50,交岔路,死亡0;受傷1,120.304077,23.035782
20180101,A2,桃園市龜山區,市區道路,50,單路部分,死亡0;受傷1,121.402388,25.017095
20180101,A2,屏東縣萬丹鄉,村里道路,40,交岔路,死亡0;受傷1,120.510696,22.585117
20180101,A2,新北市五股區,市區道路,50,單路部分,死亡0;受傷2,121.441688,25.092375
20180101,A2,桃園市中壢區,縣道,50,交岔路,死亡0;受傷4,121.219423,24.954528
20180101,A2,新北市汐止區,市區道路,50,單路部分,死亡0;受傷2,121.647071,25.060399
20180101,A2,桃園市蘆竹區,村里道路,50,交岔路,死亡0;受傷2,121.293541,25.050118
20180101,A2,桃園市大溪區,縣道,40,單路部分,死亡0;受傷1,121.284856,24.853345
20180101,A2,宜蘭縣五結鄉,村里道路,40,單路部分,死亡0;受傷1,121.769789,24.703777
20180101,A2,高雄市前鎮,市區道路,40,交岔路,死亡0;受傷1,120.3221,22.60468
20180101,A2,臺北市大安區,市區道路,50,交岔路,死亡0;受傷1,121.545097,25.039172
20180101,A2,臺中市后里區,市區道路,50,交岔路,死亡0;受傷1,120.710548,24.310825
20180101,A2,嘉義市東區,市區道路,40,交岔路,死亡0;受傷2,120.463554,23.464085
20180101,A2,臺中市南區,市區道路,50,交岔路,死亡0;受傷2,120.65277,24.118033
20180101,A2,臺中市西屯區,市區道路,50,交岔路,死亡0;受傷2,120.648766,24.158561
20180101,A2,臺南市東山區,市區道路,40,交岔路,死亡0;受傷2,120.473883,23.234437
20180101,A2,新北市新莊區,市區道路,50,交岔路,死亡0;受傷2,121.452721,25.053784
20180101,A2,臺中市梧棲區,市區道路,40,交岔路,死亡0;受傷1,120.545991,24.24412
20180101,A2,新北市中和區,市區道路,50,單路部分,死亡0;受傷1,121.490589,24.994468
20180101,A2,新北市汐止區,其他,50,單路部分,死亡0;受傷1,121.630853,25.066661
20180101,A2,宜蘭縣三星鄉,村里道路,50,交岔路,死亡0;受傷1,121.717615,24.674133
20180101,A2,新北市汐止區,市區道路,50,單路部分,死亡0;受傷1,121.698427,25.062201
20180101,A2,臺中市太平區,市區道路,50,交岔路,死亡0;受傷1,120.718602,24.113716
20180101,A2,雲林縣虎尾鎮,村里道路,50,單路部分,死亡0;受傷1,120.428295,23.704104
20180101,A2,嘉義縣朴子市,省道,50,交岔路,死亡0;受傷1,120.245597,23.442814
20180101,A2,臺中市新社區,市區道路,40,單路部分,死亡0;受傷1,120.872125,24.14568
20180101,A2,臺南市新營區,市區道路,50,單路部分,死亡0;受傷1,120.308658,23.303259
20180101,A2,臺北市南港區,市區道路,50,單路部分,死亡0;受傷2,121.590635,25.039763
20180101,A2,高雄市楠梓區,市區道路,50,單路部分,死亡0;受傷3,120.328074,22.73336
20180101,A2,臺中市清水區,市區道路,40,交岔路,死亡0;受傷1,120.572956,24.263991
20180101,A2,臺南市後壁區,市區道路,50,交岔路,死亡0;受傷2,120.357682,23.331853
20180101,A2,臺中市沙鹿區,市區道路,60,交岔路,死亡0;受傷1,120.568176,24.238134
20180101,A2,桃園市龍潭區,市區道路,30,交岔路,死亡0;受傷1,121.211939,24.8624
20180101,A2,高雄市小港區,市區道路,50,交岔路,死亡0;受傷1,120.3618,22.56709
20180101,A2,嘉義縣大林鎮,縣道,40,交岔路,死亡0;受傷1,120.459926,23.601883
20180101,A2,新北市永和區,市區道路,50,交岔路,死亡0;受傷2,121.515946,25.01589
20180101,A2,新北市汐止區,市區道路,50,單路部分,死亡0;受傷1,121.625908,25.055141
20180101,A2,屏東縣琉球鄉,鄉道,30,單路部分,死亡0;受傷3,120.370047,22.338825
20180101,A2,嘉義縣民雄鄉,村里道路,50,交岔路,死亡0;受傷1,120.448641,23.526012
20180101,A2,臺中市東區,市區道路,50,交岔路,死亡0;受傷1,120.701563,24.139985
20180101,A2,臺南市永康區,市區道路,50,交岔路,死亡0;受傷1,120.261546,23.028541
20180101,A2,高雄市美濃區,市區道路,50,交岔路,死亡0;受傷1,120.520501,22.874496
20180101,A2,臺南市六甲區,市區道路,40,單路部分,死亡0;受傷1,120.342007,23.22902
20180101,A2,雲林縣斗六市,市區道路,50,交岔路,死亡0;受傷2,120.547078,23.708618
20180101,A2,臺南市南區,市區道路,50,單路部分,死亡0;受傷1,120.181278,22.929052
20180101,A2,桃園市八德區,市區道路,50,交岔路,死亡0;受傷1,121.298589,24.971453
20180101,A2,新北市汐止區,市區道路,50,單路部分,死亡0;受傷1,121.634792,25.069163
20180101,A2,桃園市蘆竹區,村里道路,50,交岔路,死亡0;受傷1,121.292068,25.047279
20180101,A2,彰化縣彰化市,市區道路,40,交岔路,死亡0;受傷1,120.53907,24.063914
20180101,A2,高雄市鳳山區,市區道路,50,交岔路,死亡0;受傷1,120.0,22.0
20180101,A2,高雄市內門區,市區道路,40,單路部分,死亡0;受傷2,120.462383,22.942139
20180101,A2,花蓮縣光復鄉,省道,30,單路部分,死亡0;受傷2,121.413002,23.637094
20180101,A2,桃園市新屋區,鄉道,50,交岔路,死亡0;受傷1,121.106495,24.977558
20180101,A2,臺南市六甲區,省道,70,單路部分,死亡0;受傷2,120.314798,23.235747
20180101,A2,臺東縣太麻里鄉,省道,50,交岔路,死亡0;受傷1,121.005679,22.609596
20180101,A2,高雄市楠梓區,市區道路,40,圓環廣場,死亡0;受傷1,120.306119,22.718802
20180101,A2,臺南市安平區,市區道路,50,交岔路,死亡0;受傷1,120.164793,23.001817
20180101,A2,屏東縣屏東市,市區道路,50,單路部分,死亡0;受傷1,120.503973,22.673391
20180101,A2,臺中市北屯區,市區道路,50,單路部分,死亡0;受傷1,120.698206,24.171568
20180101,A2,高雄市甲仙區,市區道路,50,單路部分,死亡0;受傷1,120.556049,23.049973
20180101,A2,南投縣國姓鄉,省道,40,單路部分,死亡0;受傷1,120.936888,24.046219
20180101,A2,南投縣南投市,市區道路,50,單路部分,死亡0;受傷2,120.69369,23.911032
20180101,A2,高雄市大寮區,市區道路,50,單路部分,死亡0;受傷1,120.38873,22.595632
20180101,A2,彰化縣北斗鎮,村里道路,50,交岔路,死亡0;受傷1,120.517192,23.873511
20180101,A2,高雄市三民區,市區道路,40,交岔路,死亡0;受傷3,120.319863,22.647209
20180101,A2,臺南市永康區,市區道路,50,交岔路,死亡0;受傷1,120.234729,22.999829
20180101,A2,新北市三峽區,市區道路,40,單路部分,死亡0;受傷1,121.366211,24.93461
20180101,A2,雲林縣虎尾鎮,村里道路,50,單路部分,死亡0;受傷1,120.424882,23.740138
20180101,A2,花蓮縣吉安鄉,村里道路,50,單路部分,死亡0;受傷4,121.579397,23.991408
20180101,A2,桃園市中壢區,村里道路,40,單路部分,死亡0;受傷1,121.251877,24.933273
20180101,A2,新竹縣新豐鄉,鄉道,50,單路部分,死亡0;受傷1,120.996575,24.871475
20180101,A2,臺北市內湖區,市區道路,50,單路部分,死亡0;受傷2,121.581527,25.056993
20180101,A2,嘉義市東區,市區道路,50,單路部分,死亡0;受傷1,120.450212,23.480162
20180101,A2,臺中市后里區,市區道路,50,交岔路,死亡0;受傷2,120.72342,24.313179
20180101,A2,嘉義縣水上鄉,村里道路,50,單路部分,死亡0;受傷2,120.470176,23.410467
20180101,A2,雲林縣虎尾鎮,村里道路,50,交岔路,死亡0;受傷1,120.441703,23.718111
20180101,A2,高雄市楠梓區,市區道路,20,單路部分,死亡0;受傷1,120.329876,22.724294
20180101,A2,新竹市香山區,市區道路,70,交岔路,死亡0;受傷1,120.905013,24.750748
20180101,A2,嘉義縣中埔鄉,省道,50,單路部分,死亡0;受傷2,120.460361,23.452338
20180101,A2,新北市新店區,市區道路,0,交岔路,死亡0;受傷1,121.547658,24.951052
20180101,A2,桃園市大溪區,專用道路,50,單路部分,死亡0;受傷1,121.296959,24.86585
20180101,A2,新竹市香山區,市區道路,50,交岔路,死亡0;受傷1,120.918673,24.778039
20180101,A2,桃園市大園區,其他,50,交岔路,死亡0;受傷1,121.196602,25.06493
20180101,A2,桃園市桃園區,市區道路,50,交岔路,死亡0;受傷1,121.295018,24.996959
20180101,A2,臺北市文山區,市區道路,30,交岔路,死亡0;受傷1,121.543808,24.995019
20180101,A2,嘉義市東區,市區道路,40,交岔路,死亡0;受傷2,120.447197,23.505911
20180101,A2,新北市新店區,國道,90,單路部分,死亡0;受傷1,121.545203,24.963164
20180101,A2,新北市新店區,市區道路,40,單路部分,死亡0;受傷2,121.542779,24.953206
20180101,A2,臺中市龍井區,市區道路,40,單路部分,死亡0;受傷1,120.551279,24.265971
20180101,A2,臺中市沙鹿區,市區道路,50,交岔路,死亡0;受傷3,120.564214,24.24688
20180101,A2,臺南市中西區,市區道路,50,交岔路,死亡0;受傷1,120.197456,22.989451
20180101,A2,宜蘭縣頭城鎮,市區道路,40,交岔路,死亡0;受傷1,121.824744,24.859982
20180101,A2,新北市新莊區,市區道路,50,交岔路,死亡0;受傷1,121.465456,25.046935
20180101,A2,桃園市中壢區,村里道路,40,交岔路,死亡0;受傷1,121.241237,24.926238
20180101,A2,新北市八里區,市區道路,50,交岔路,死亡0;受傷2,121.452159,25.124187
20180101,A2,新北市新店區,市區道路,40,單路部分,死亡0;受傷1,121.512036,24.961608
20180101,A2,新北市鶯歌區,市區道路,40,交岔路,死亡0;受傷2,121.329723,24.934775
20180101,A2,桃園市平鎮,市區道路,50,交岔路,死亡0;受傷1,121.216419,24.940275
20180101,A2,臺中市南區,市區道路,50,單路部分,死亡0;受傷1,120.682513,24.134258
20180101,A2,高雄市鳳山區,市區道路,50,交岔路,死亡0;受傷1,120.344367,22.629321
20180101,A2,臺中市神岡區,市區道路,40,交岔路,死亡0;受傷1,120.68333,24.275093
20180101,A2,臺東縣臺東市,市區道路,50,交岔路,死亡0;受傷1,121.150913,22.752001
20180101,A2,桃園市桃園區,市區道路,40,交岔路,死亡0;受傷1,121.293248,25.022689
20180101,A2,屏東縣屏東市,市區道路,40,交岔路,死亡0;受傷1,120.504007,22.663309
20180101,A2,高雄市鳳山區,市區道路,50,單路部分,死亡0;受傷3,120.3529,22.63877
20180101,A2,臺中市潭子區,市區道路,50,交岔路,死亡0;受傷1,120.70705,24.215418
20180101,A2,新竹縣竹東鎮,村里道路,50,交岔路,死亡0;受傷1,121.044977,24.774922
20180101,A2,屏東縣獅子鄉,省道,40,單路部分,死亡0;受傷1,120.736388,22.211209
20180101,A2,宜蘭縣五結鄉,省道,60,單路部分,死亡0;受傷1,121.770317,24.704046
20180101,A2,新竹市香山區,市區道路,50,交岔路,死亡0;受傷1,120.944554,24.796353
20180101,A2,屏東縣萬丹鄉,省道,70,單路部分,死亡0;受傷2,120.484289,22.613577
20180101,A2,臺中市大甲區,市區道路,70,單路部分,死亡0;受傷1,120.64187,24.401835
20180101,A2,高雄市岡山區,市區道路,40,交岔路,死亡0;受傷1,120.28487,22.791351
20180101,A2,臺中市北區,市區道路,50,單路部分,死亡0;受傷1,120.681284,24.147758
20180101,A2,臺南市西港區,村里道路,40,單路部分,死亡0;受傷1,120.206335,23.157234
20180101,A2,嘉義縣溪口鄉,其他,20,單路部分,死亡0;受傷1,120.401191,23.592556
20180101,A2,臺南市東區,市區道路,60,單路部分,死亡0;受傷1,120.234034,22.993427
20180101,A2,桃園市新屋區,鄉道,50,單路部分,死亡0;受傷1,121.118227,24.950994
20180101,A2,臺中市豐原區,市區道路,50,單路部分,死亡0;受傷1,120.721486,24.257901
20180101,A2,苗栗縣頭屋鄉,鄉道,50,交岔路,死亡0;受傷1,120.854587,24.576719
20180101,A2,臺南市中西區,市區道路,50,交岔路,死亡0;受傷2,120.192285,22.997176
20180101,A2,新北市中和區,市區道路,50,交岔路,死亡0;受傷1,121.501981,25.003687
20180101,A2,嘉義縣竹崎鄉,縣道,50,單路部分,死亡0;受傷1,120.528785,23.537048
20180101,A2,南投縣草屯鎮,村里道路,40,交岔路,死亡0;受傷1,120.669863,23.992382
20180101,A2,臺北市大安區,市區道路,30,交岔路,死亡0;受傷3,121.549725,25.021076
20180101,A2,宜蘭縣宜蘭市,市區道路,50,單路部分,死亡0;受傷1,121.742603,24.769658
20180101,A2,臺北市大安區,市區道路,40,交岔路,死亡0;受傷1,121.536739,25.041842
20180101,A2,桃園市楊梅區,市區道路,50,交岔路,死亡0;受傷1,121.184843,24.92035
20180101,A2,新北市汐止區,市區道路,50,單路部分,死亡0;受傷2,121.671242,25.076936
20180101,A2,高雄市前鎮,市區道路,40,交岔路,死亡0;受傷1,120.307943,22.608383
20180101,A2,彰化縣社頭鄉,村里道路,40,交岔路,死亡0;受傷1,120.605858,23.91309
20180101,A2,新北市三重區,市區道路,50,單路部分,死亡0;受傷1,121.490426,25.05935
20180101,A2,高雄市小港區,市區道路,40,交岔路,死亡0;受傷1,120.366013,22.570721
20180101,A2,桃園市桃園區,市區道路,40,交岔路,死亡0;受傷1,121.322658,24.991929
20180101,A2,臺北市北投區,市區道路,50,交岔路,死亡0;受傷1,121.502581,25.132996
20180101,A2,宜蘭縣宜蘭市,市區道路,50,交岔路,死亡0;受傷2,121.755497,24.755174
20180101,A2,臺南市東區,市區道路,50,單路部分,死亡0;受傷2,120.218276,22.986659
20180101,A2,新北市永和區,市區道路,50,交岔路,死亡0;受傷1,121.515692,25.016823
20180101,A2,基隆市七堵區,市區道路,50,交岔路,死亡0;受傷1,121.715569,25.097464
20180101,A2,新竹市東區,市區道路,50,交岔路,死亡0;受傷3,120.995838,24.797636
20180101,A2,桃園市大園區,市區道路,50,交岔路,死亡0;受傷1,121.197572,25.058306
20180101,A2,高雄市鼓山區,市區道路,50,交岔路,死亡0;受傷2,120.3029,22.65804
20180101,A2,新北市永和區,市區道路,50,交岔路,死亡0;受傷1,121.521076,25.002472
20180101,A2,桃園市八德區,縣道,50,交岔路,死亡0;受傷2,121.291246,24.946906
20180101,A2,雲林縣北港鎮,村里道路,50,交岔路,死亡0;受傷1,120.294574,23.5786
20180101,A2,桃園市桃園區,市區道路,50,交岔路,死亡0;受傷1,121.288355,25.011148
20180101,A2,新北市板橋區,市區道路,50,單路部分,死亡0;受傷1,121.482163,25.022183
20180101,A2,臺南市東區,市區道路,50,交岔路,死亡0;受傷1,120.229347,22.981113
20180101,A2,新北市三重區,市區道路,40,單路部分,死亡0;受傷1,121.493439,25.048728
20180101,A2,高雄市路竹區,市區道路,50,交岔路,死亡0;受傷2,120.266,22.86937
20180101,A2,高雄市燕巢區,市區道路,50,單路部分,死亡0;受傷2,120.328166,22.788307
20180101,A2,新北市板橋區,市區道路,50,交岔路,死亡0;受傷1,121.485541,25.022253
20180101,A2,桃園市中壢區,市區道路,50,交岔路,死亡0;受傷1,121.219293,24.958156
20180101,A2,高雄市苓雅區,市區道路,50,單路部分,死亡0;受傷1,120.300254,22.612878
20180101,A2,高雄市湖內區,市區道路,40,交岔路,死亡0;受傷2,120.2346,22.89942
20180101,A2,臺南市北區,市區道路,50,交岔路,死亡0;受傷2,120.206429,23.012186
20180101,A2,金門縣金湖鎮,村里道路,50,交岔路,死亡0;受傷1,118.396386,24.438959
20180101,A2,新北市瑞芳區,縣道,40,單路部分,死亡0;受傷1,121.850504,24.851635
20180101,A2,臺中市西屯區,市區道路,50,交岔路,死亡0;受傷1,120.641319,24.176959
20180101,A2,高雄市前鎮,市區道路,40,單路部分,死亡0;受傷2,120.3148,22.61173
20180101,A2,桃園市八德區,市區道路,50,交岔路,死亡0;受傷2,121.306711,24.962726
20180101,A2,臺中市西區,市區道路,50,交岔路,死亡0;受傷1,120.673219,24.140933
20180101,A2,桃園市中壢區,縣道,50,交岔路,死亡0;受傷1,121.22028,24.954215
20180101,A2,臺南市新營區,鄉道,50,單路部分,死亡0;受傷1,120.337282,23.322674
20180101,A2,嘉義市西區,市區道路,50,單路部分,死亡0;受傷1,120.439996,23.467978
20180101,A2,桃園市八德區,村里道路,50,交岔路,死亡0;受傷1,121.299042,24.965029
20180101,A2,臺中市中區,市區道路,50,交岔路,死亡0;受傷1,120.682078,24.136214
20180101,A2,臺中市北屯區,市區道路,50,交岔路,死亡0;受傷1,120.666398,24.181633
20180101,A2,花蓮縣吉安鄉,村里道路,50,交岔路,死亡0;受傷1,121.593734,23.957675
20180101,A2,臺中市北屯區,市區道路,50,交岔路,死亡0;受傷1,120.693986,24.164276
20180101,A2,新北市三重區,市區道路,50,單路部分,死亡0;受傷1,121.48815,25.060111
20180101,A2,新北市三重區,市區道路,50,交岔路,死亡0;受傷1,121.482249,25.057943
20180101,A2,高雄市仁武區,市區道路,40,單路部分,死亡0;受傷1,120.325226,22.711009
20180101,A2,新北市中和區,市區道路,50,交岔路,死亡0;受傷1,121.466723,24.994369
20180101,A2,花蓮縣吉安鄉,村里道路,30,單路部分,死亡0;受傷1,121.595824,23.983135
20180101,A2,新北市汐止區,市區道路,50,單路部分,死亡0;受傷2,121.652703,25.062047
20180101,A2,臺北市信義區,市區道路,50,交岔路,死亡0;受傷1,121.567586,25.035788
20180101,A2,屏東縣屏東市,市區道路,50,單路部分,死亡0;受傷2,120.491306,22.678785
20180101,A2,嘉義縣梅山鄉,省道,50,單路部分,死亡0;受傷1,120.557957,23.583521
20180101,A2,臺中市西區,市區道路,50,交岔路,死亡0;受傷2,120.662223,24.146743
20180101,A2,臺中市大安區,市區道路,50,單路部分,死亡0;受傷1,120.603939,24.347054
20180101,A2,桃園市平鎮,市區道路,50,交岔路,死亡0;受傷1,121.21057,24.914249
20180101,A2,高雄市旗山區,市區道路,60,交岔路,死亡0;受傷1,120.483605,22.891121
20180101,A2,屏東縣枋寮鄉,村里道路,50,單路部分,死亡0;受傷2,120.594803,22.36283
20180101,A2,桃園市中壢區,市區道路,50,單路部分,死亡0;受傷1,121.222784,24.961256
20180101,A2,高雄市鳳山區,市區道路,50,交岔路,死亡0;受傷1,120.330536,22.588176
20180101,A2,臺中市大雅區,市區道路,50,交岔路,死亡0;受傷3,120.649448,24.241992
20180101,A2,臺南市安平區,市區道路,50,交岔路,死亡0;受傷1,120.181928,22.999347
20180101,A2,嘉義縣朴子市,市區道路,50,交岔路,死亡0;受傷1,120.253338,23.466282
20180101,A2,臺中市太平區,市區道路,50,交岔路,死亡0;受傷1,120.711475,24.149836
20180101,A2,臺中市神岡區,國道,110,單路部分,死亡0;受傷2,120.689808,24.245907
20180101,A2,臺北市中山區,市區道路,50,單路部分,死亡0;受傷3,121.534426,25.062645
20180101,A2,屏東縣竹田鄉,省道,50,單路部分,死亡0;受傷1,120.55543,22.592087
20180101,A2,臺北市大同區,市區道路,50,交岔路,死亡0;受傷2,121.514705,25.062889
20180101,A2,桃園市桃園區,市區道路,50,交岔路,死亡0;受傷1,121.323325,24.996212
20180101,A2,臺南市七股區,市區道路,70,交岔路,死亡0;受傷1,120.134561,23.149681
20180101,A2,屏東縣屏東市,市區道路,50,交岔路,死亡0;受傷1,120.489544,22.669876
20180101,A2,新北市三芝區,市區道路,40,交岔路,死亡0;受傷1,121.498909,25.255777
20180101,A2,南投縣仁愛鄉,省道,40,單路部分,死亡0;受傷2,121.158053,24.03793
20180101,A2,桃園市桃園區,市區道路,50,交岔路,死亡0;受傷1,121.304611,25.004802
20180101,A2,臺北市中正區,市區道路,40,單路部分,死亡0;受傷1,121.515616,25.045463
20180101,A2,嘉義市東區,市區道路,50,交岔路,死亡0;受傷1,120.467999,23.477563
20180101,A2,臺中市北區,市區道路,50,交岔路,死亡0;受傷1,120.6756,24.1686
20180101,A2,宜蘭縣羅東鎮,村里道路,50,單路部分,死亡0;受傷1,121.753708,24.678565
20180101,A2,新竹市東區,市區道路,50,單路部分,死亡0;受傷1,121.017092,24.805272
20180101,A2,基隆市中山區,市區道路,40,單路部分,死亡0;受傷1,121.722427,25.142092
20180101,A2,桃園市桃園區,市區道路,50,交岔路,死亡0;受傷1,121.297522,24.991339
20180101,A2,南投縣草屯鎮,省道,70,交岔路,死亡0;受傷2,120.67908,23.986968
20180101,A2,彰化縣員林市,市區道路,60,單路部分,死亡0;受傷3,120.561602,23.942893
20180101,A2,新竹縣湖口鄉,鄉道,40,交岔路,死亡0;受傷1,121.046587,24.903092
20180101,A2,新北市三重區,市區道路,50,交岔路,死亡0;受傷4,121.487095,25.05159
20180101,A2,南投縣集集鎮,村里道路,40,單路部分,死亡0;受傷2,120.74936,23.835919
20180101,A2,桃園市桃園區,市區道路,50,交岔路,死亡0;受傷1,121.31991,25.009598
20180101,A2,嘉義市西區,市區道路,50,交岔路,死亡0;受傷3,120.444143,23.479417
20180101,A2,新北市三重區,縣道,30,交岔路,死亡0;受傷1,121.483315,25.061377
20180101,A2,臺中市北區,市區道路,50,交岔路,死亡0;受傷1,120.693541,24.155595
20180101,A2,高雄市湖內區,市區道路,50,交岔路,死亡0;受傷2,120.215135,22.90868
20180101,A2,嘉義市東區,市區道路,50,單路部分,死亡0;受傷2,120.45852,23.454451
20180101,A2,新北市五股區,市區道路,50,交岔路,死亡0;受傷1,121.460975,25.067635
20180101,A2,新竹縣竹北市,市區道路,50,單路部分,死亡0;受傷1,121.017591,24.835205
20180101,A2,臺南市永康區,市區道路,40,交岔路,死亡0;受傷1,120.238401,23.002319
20180101,A2,雲林縣斗六市,市區道路,40,交岔路,死亡0;受傷2,120.560961,23.713529
20180101,A2,桃園市八德區,市區道路,50,交岔路,死亡0;受傷1,121.297265,24.930401
20180101,A2,新北市三峽區,市區道路,50,交岔路,死亡0;受傷3,121.374869,24.941764
20180101,A2,臺北市信義區,市區道路,50,單路部分,死亡0;受傷1,121.56693,25.045495
20180101,A2,南投縣名間鄉,村里道路,50,單路部分,死亡0;受傷1,120.629951,23.846141
20180101,A2,高雄市岡山區,市區道路,40,單路部分,死亡0;受傷1,120.29182,22.795258
20180101,A2,桃園市平鎮,市區道路,50,單路部分,死亡0;受傷1,121.243042,24.910499
20180101,A2,臺北市中山區,市區道路,70,單路部分,死亡0;受傷2,121.53344,25.070414
20180101,A2,臺南市麻豆區,市區道路,50,交岔路,死亡0;受傷1,120.220191,23.189585
20180101,A2,臺北市信義區,市區道路,50,交岔路,死亡0;受傷1,121.56546,25.035831
20180101,A2,彰化縣員林市,市區道路,50,交岔路,死亡0;受傷1,120.598595,23.940571
20180101,A2,彰化縣彰化市,市區道路,50,交岔路,死亡0;受傷1,120.54583,24.064347
20180101,A2,苗栗縣苗栗市,市區道路,60,交岔路,死亡0;受傷1,120.81799,24.574699
20180101,A2,彰化縣埔鹽鄉,村里道路,40,交岔路,死亡0;受傷2,120.454875,23.96233
20180101,A2,臺東縣卑南鄉,村里道路,50,單路部分,死亡0;受傷1,121.095493,22.852785
20180101,A2,臺北市大同區,市區道路,0,交岔路,死亡0;受傷1,121.51437,25.068494
20180101,A2,臺南市善化區,省道,50,交岔路,死亡0;受傷1,120.287117,23.152913
20180101,A2,屏東縣佳冬鄉,省道,70,交岔路,死亡0;受傷2,120.553481,22.453806
20180101,A2,南投縣埔里鎮,村里道路,40,交岔路,死亡0;受傷1,120.947483,23.964956
20180101,A2,新竹縣新埔鎮,鄉道,50,交岔路,死亡0;受傷1,121.081135,24.831915
20180101,A2,新北市蘆洲區,市區道路,50,交岔路,死亡0;受傷3,121.475109,25.082245
20180101,A2,臺中市大甲區,市區道路,40,交岔路,死亡0;受傷1,120.631583,24.432066
20180101,A2,臺中市后里區,市區道路,50,交岔路,死亡0;受傷2,120.723286,24.291311
20180101,A2,臺中市北屯區,市區道路,50,單路部分,死亡0;受傷1,120.708261,24.170315
20180101,A2,花蓮縣新城鄉,市區道路,40,單路部分,死亡0;受傷2,121.599607,24.039563
20180101,A2,新北市板橋區,市區道路,50,交岔路,死亡0;受傷1,121.464528,25.006702
20180101,A2,臺中市西區,市區道路,50,交岔路,死亡0;受傷1,120.663368,24.129488
20180101,A2,臺北市文山區,市區道路,50,交岔路,死亡0;受傷1,121.571129,24.991702
20180101,A2,高雄市橋頭區,市區道路,40,交岔路,死亡0;受傷1,120.304458,22.743212
20180101,A2,桃園市龜山區,市區道路,50,單路部分,死亡0;受傷1,121.369384,25.05922
20180101,A2,高雄市楠梓區,市區道路,50,交岔路,死亡0;受傷1,120.3154,22.71545
20180101,A2,新竹市東區,市區道路,50,交岔路,死亡0;受傷1,120.981461,24.804339
20180101,A2,花蓮縣玉里鎮,省道,60,交岔路,死亡0;受傷2,121.337844,23.403295
20180101,A2,桃園市楊梅區,省道,50,單路部分,死亡0;受傷1,121.149721,24.907283
20180101,A2,桃園市平鎮,市區道路,50,交岔路,死亡0;受傷1,121.204292,24.911278
20180101,A2,新北市汐止區,市區道路,50,交岔路,死亡0;受傷2,121.626323,25.067143
20180101,A2,雲林縣口湖鄉,村里道路,50,交岔路,死亡0;受傷1,120.185855,23.582738
20180101,A2,花蓮縣瑞穗鄉,村里道路,50,交岔路,死亡0;受傷2,121.382865,23.495897
20180101,A2,臺中市東區,市區道路,50,單路部分,死亡0;受傷1,120.704963,24.130536
20180101,A2,桃園市龍潭區,市區道路,50,交岔路,死亡0;受傷2,121.202809,24.855794
20180101,A2,屏東縣枋山鄉,省道,40,單路部分,死亡0;受傷2,120.626859,22.325052
20180101,A2,臺東縣卑南鄉,村里道路,50,交岔路,死亡0;受傷1,121.092209,22.85782
20180101,A2,桃園市龜山區,村里道路,50,單路部分,死亡0;受傷1,121.329672,24.995805
20180101,A2,基隆市仁愛區,市區道路,50,交岔路,死亡0;受傷1,121.738459,25.128967
20180101,A2,屏東縣里港鄉,市區道路,50,交岔路,死亡0;受傷2,120.487426,22.770548
20180101,A2,苗栗縣竹南鎮,村里道路,40,交岔路,死亡0;受傷1,120.865311,24.700555
20180101,A2,雲林縣水林鄉,村里道路,50,交岔路,死亡0;受傷1,120.238806,23.604911
20180101,A2,臺南市北區,市區道路,50,單路部分,死亡0;受傷1,120.21062,23.000097
20180101,A2,彰化縣大村鄉,村里道路,40,交岔路,死亡0;受傷2,120.516594,23.987808
20180101,A2,新北市五股區,市區道路,40,交岔路,死亡0;受傷1,121.421233,25.09799
20180101,A2,新北市石碇區,省道,30,單路部分,死亡0;受傷1,121.660626,24.949014
20180101,A2,雲林縣斗六市,市區道路,50,交岔路,死亡0;受傷1,120.538098,23.698332
20180101,A2,嘉義縣大林鎮,縣道,30,交岔路,死亡0;受傷2,120.514773,23.598825
20180101,A2,臺南市歸仁區,市區道路,50,交岔路,死亡0;受傷3,120.294049,22.925552
20180101,A2,新北市新店區,市區道路,50,單路部分,死亡0;受傷1,121.543895,24.973708
20180101,A2,高雄市仁武區,市區道路,50,單路部分,死亡0;受傷1,120.360234,22.683851
20180101,A2,宜蘭縣冬山鄉,省道,60,交岔路,死亡0;受傷1,121.753647,24.671555
20180101,A2,彰化縣埤頭鄉,鄉道,50,交岔路,死亡0;受傷1,120.458278,23.861338
20180101,A2,臺中市北屯區,市區道路,50,交岔路,死亡0;受傷1,120.686436,24.186988
20180101,A2,臺中市外埔區,市區道路,50,交岔路,死亡0;受傷2,120.66299,24.340268
20180101,A2,高雄市楠梓區,市區道路,50,交岔路,死亡0;受傷1,120.291257,22.704927
20180101,A2,新竹縣湖口鄉,村里道路,40,交岔路,死亡0;受傷1,121.030038,24.870063
20180101,A2,桃園市龍潭區,市區道路,40,交岔路,死亡0;受傷2,121.213542,24.869364
20180101,A2,花蓮縣花蓮市,市區道路,25,單路部分,死亡0;受傷2,121.611195,23.991073
20180101,A2,苗栗縣竹南鎮,鄉道,50,單路部分,死亡0;受傷1,120.880493,24.708404
20180101,A2,新北市三重區,市區道路,50,單路部分,死亡0;受傷1,121.497455,25.06954
20180101,A2,新北市五股區,市區道路,50,單路部分,死亡0;受傷1,121.461004,25.074499
20180101,A2,屏東縣東港鎮,省道,70,交岔路,死亡0;受傷1,120.463418,22.461367
20180101,A2,屏東縣枋寮鄉,省道,70,單路部分,死亡0;受傷1,120.582765,22.403769
20180101,A2,屏東縣恆春鎮,村里道路,50,單路部分,死亡0;受傷1,120.739987,21.961828
20180101,A2,花蓮縣花蓮市,市區道路,50,交岔路,死亡0;受傷1,121.606002,23.977771
20180101,A2,高雄市仁武區,市區道路,40,單路部分,死亡0;受傷1,120.339179,22.679545
20180101,A2,臺中市沙鹿區,市區道路,40,單路部分,死亡0;受傷4,120.569667,24.24224
20180101,A2,屏東縣牡丹鄉,縣道,40,單路部分,死亡0;受傷2,120.807406,22.144251
20180101,A2,新北市新莊區,市區道路,50,單路部分,死亡0;受傷2,121.415319,25.029405
20180101,A2,桃園市桃園區,市區道路,50,交岔路,死亡0;受傷2,121.288627,24.989773
20180101,A2,高雄市三民區,市區道路,50,交岔路,死亡0;受傷1,120.307366,22.642967
20180101,A2,桃園市龍潭區,市區道路,50,交岔路,死亡0;受傷1,121.239664,24.843277
20180101,A2,彰化縣鹿港鎮,村里道路,50,交岔路,死亡0;受傷1,120.480518,24.086588
20180101,A2,臺北市北投區,市區道路,50,交岔路,死亡0;受傷2,121.499547,25.12121
20180101,A2,臺南市中西區,市區道路,50,交岔路,死亡0;受傷2,120.209026,22.991912
20180101,A2,高雄市仁武區,市區道路,60,交岔路,死亡0;受傷1,120.359826,22.701606
20180101,A2,宜蘭縣礁溪鄉,村里道路,60,單路部分,死亡0;受傷1,121.779454,24.833058
20180101,A2,屏東縣佳冬鄉,省道,60,交岔路,死亡0;受傷1,120.548465,22.415128
20180101,A1,彰化縣大村鄉,鄉道,40,單路部分,死亡1;受傷0,120.578892,23.962235
20180101,A2,彰化縣芳苑鄉,村里道路,60,單路部分,死亡0;受傷1,120.333718,23.951478
20180101,A1,桃園市蘆竹區,市區道路,50,單路部分,死亡1;受傷0,121.24492,25.036777
20180101,A1,南投縣集集鎮,縣道,40,單路部分,死亡1;受傷0,120.771165,23.82721
20180101,A1,彰化縣和美鎮,縣道,50,單路部分,死亡1;受傷0,120.502953,24.102967
20180101,A2,新北市五股區,市區道路,50,交岔路,死亡0;受傷2,121.448552,25.095842
20180101,A2,臺南市東區,市區道路,50,交岔路,死亡0;受傷1,120.234274,22.977443
20180101,A2,臺南市中西區,市區道路,50,交岔路,死亡0;受傷1,120.196069,23.001413
20180101,A2,新北市樹林區,市區道路,50,交岔路,死亡0;受傷1,121.416084,24.980293
20180101,A2,高雄市大寮區,市區道路,50,交岔路,死亡0;受傷1,120.407676,22.544927
20180101,A2,高雄市三民區,市區道路,40,交岔路,死亡0;受傷1,120.335168,22.639058
20180101,A2,屏東縣東港鎮,村里道路,50,單路部分,死亡0;受傷1,120.461313,22.462819
20180101,A2,臺中市外埔區,市區道路,40,單路部分,死亡0;受傷1,120.635101,24.343014
20180101,A2,臺中市西區,市區道路,40,單路部分,死亡0;受傷2,120.658965,24.157748
20180101,A1,苗栗縣竹南鎮,村里道路,40,單路部分,死亡1;受傷3,120.861178,24.682004
20180101,A2,臺中市北區,市區道路,50,單路部分,死亡0;受傷2,120.6864,24.1454
20180101,A2,屏東縣屏東市,市區道路,40,交岔路,死亡0;受傷2,120.499962,22.676672
20180101,A2,臺南市中西區,市區道路,50,單路部分,死亡0;受傷1,120.208838,22.98741
20180101,A2,嘉義縣民雄鄉,專用道路,50,交岔路,死亡0;受傷1,120.449767,23.524644
20180101,A2,新北市三峽區,市區道路,50,單路部分,死亡0;受傷1,121.357136,24.904742
20180101,A2,臺中市北屯區,市區道路,50,交岔路,死亡0;受傷1,120.72155,24.182015
20180101,A2,雲林縣斗六市,市區道路,50,交岔路,死亡0;受傷1,120.534001,23.704141
20180101,A2,新北市中和區,市區道路,50,單路部分,死亡0;受傷2,121.511678,25.003137
20180101,A2,高雄市三民區,市區道路,50,單路部分,死亡0;受傷1,120.313545,22.655724
20180101,A2,臺中市南區,市區道路,40,單路部分,死亡0;受傷1,120.678986,24.127877
20180101,A2,新北市新店區,市區道路,50,交岔路,死亡0;受傷1,121.541337,24.984217
20180101,A2,屏東縣屏東市,市區道路,50,交岔路,死亡0;受傷1,120.488834,22.671807
20180101,A2,桃園市蘆竹區,市區道路,50,交岔路,死亡0;受傷2,121.268318,25.056989
20180101,A2,臺北市內湖區,市區道路,50,單路部分,死亡0;受傷1,121.613064,25.069052
20180101,A2,臺南市新化區,省道,50,交岔路,死亡0;受傷2,120.33202,23.028087
20180101,A2,高雄市前鎮,市區道路,40,單路部分,死亡0;受傷2,120.3178,22.59417
20180101,A2,新北市五股區,市區道路,50,交岔路,死亡0;受傷1,121.461522,25.077038
20180101,A2,新北市三峽區,市區道路,50,交岔路,死亡0;受傷1,121.366743,24.935135
20180101,A2,新竹市香山區,市區道路,40,單路部分,死亡0;受傷2,120.929228,24.786803
20180101,A2,高雄市左營區,市區道路,40,交岔路,死亡0;受傷3,120.310183,22.667526
20180101,A2,臺南市東區,市區道路,50,單路部分,死亡0;受傷1,120.224087,22.991729
20180101,A2,臺中市西屯區,市區道路,50,單路部分,死亡0;受傷2,120.632701,24.179926
20180101,A2,新北市林口區,市區道路,50,交岔路,死亡0;受傷1,121.366347,25.073839
20180101,A2,高雄市前鎮,市區道路,40,單路部分,死亡0;受傷1,120.312321,22.60051
20180101,A2,臺中市北屯區,市區道路,50,單路部分,死亡0;受傷2,120.717283,24.175325
20180101,A2,臺北市大同區,市區道路,40,交岔路,死亡0;受傷1,121.513445,25.049537
20180101,A2,臺中市北屯區,市區道路,40,單路部分,死亡0;受傷2,120.705555,24.165
20180101,A2,基隆市信義區,市區道路,50,單路部分,死亡0;受傷1,121.782094,25.132244
20180101,A2,臺南市安平區,市區道路,50,交岔路,死亡0;受傷2,120.152935,22.999773
20180101,A2,臺中市西屯區,市區道路,50,交岔路,死亡0;受傷1,120.644124,24.174996
20180101,A2,雲林縣林內鄉,國道,110,單路部分,死亡0;受傷1,120.605676,23.762712
20180101,A2,屏東縣麟洛鄉,縣道,50,交岔路,死亡0;受傷3,120.525813,22.651453
20180101,A2,臺南市新化區,市區道路,50,交岔路,死亡0;受傷1,120.293126,23.027894
20180101,A2,桃園市中壢區,市區道路,50,交岔路,死亡0;受傷1,121.194474,24.957337
20180101,A2,雲林縣古坑鄉,省道,60,單路部分,死亡0;受傷2,120.537381,23.611005
20180101,A2,臺中市后里區,市區道路,50,交岔路,死亡0;受傷2,120.71776,24.308616
20180101,A2,臺中市東區,市區道路,50,交岔路,死亡0;受傷1,120.698066,24.135121
20180101,A2,高雄市內門區,市區道路,50,交岔路,死亡0;受傷1,120.45469,22.918006
20180101,A2,臺南市東區,市區道路,50,單路部分,死亡0;受傷2,120.214905,22.97238
20180101,A2,高雄市左營區,市區道路,40,交岔路,死亡0;受傷1,120.309561,22.682184
20180101,A2,桃園市中壢區,鄉道,40,單路部分,死亡0;受傷1,121.1701,24.973312
20180101,A2,南投縣埔里鎮,村里道路,40,單路部分,死亡0;受傷1,120.965297,23.96854
20180101,A2,桃園市桃園區,市區道路,50,交岔路,死亡0;受傷1,121.295967,25.018088
20180101,A2,嘉義縣民雄鄉,縣道,50,單路部分,死亡0;受傷1,120.382841,23.55728
20180101,A2,新北市三重區,市區道路,50,單路部分,死亡0;受傷1,121.495728,25.073224
20180101,A2,臺南市東區,市區道路,50,交岔路,死亡0;受傷2,120.212739,22.999949
20180101,A2,桃園市桃園區,市區道路,50,交岔路,死亡0;受傷1,121.304879,25.003084
20180101,A2,新竹縣湖口鄉,村里道路,50,交岔路,死亡0;受傷1,121.085543,24.893799
20180101,A2,雲林縣斗南鎮,其他,40,交岔路,死亡0;受傷2,120.495581,23.663378
20180101,A2,高雄市岡山區,市區道路,40,交岔路,死亡0;受傷2,120.299139,22.786807
20180101,A2,新北市瑞芳區,縣道,40,單路部分,死亡0;受傷3,121.845946,25.111135
20180101,A2,高雄市小港區,市區道路,40,單路部分,死亡0;受傷1,120.368844,22.54569
20180101,A2,臺北市文山區,市區道路,40,交岔路,死亡0;受傷1,121.540205,24.999746
20180101,A2,嘉義市東區,市區道路,50,交岔路,死亡0;受傷2,120.457145,23.478985
20180101,A2,高雄市苓雅區,市區道路,50,交岔路,死亡0;受傷1,120.323187,22.636116
20180101,A2,高雄市仁武區,市區道路,60,單路部分,死亡0;受傷2,120.348182,22.695669
20180101,A2,臺東縣臺東市,市區道路,40,交岔路,死亡0;受傷1,121.137341,22.758212
20180101,A2,彰化縣花壇鄉,鄉道,50,單路部分,死亡0;受傷2,120.543628,24.026911
20180101,A2,臺南市中西區,市區道路,50,交岔路,死亡0;受傷2,120.200105,22.982599
20180101,A2,新北市泰山區,市區道路,40,交岔路,死亡0;受傷1,121.395695,25.062396
20180101,A2,高雄市小港區,市區道路,40,交岔路,死亡0;受傷1,120.346766,22.569669
20180101,A2,臺南市安南區,市區道路,50,交岔路,死亡0;受傷1,120.205404,23.026156
20180101,A2,臺南市新市,市區道路,40,交岔路,死亡0;受傷3,120.272797,23.061173
20180101,A2,臺南市東區,市區道路,50,交岔路,死亡0;受傷1,120.229347,22.981113
20180101,A2,宜蘭縣宜蘭市,市區道路,50,單路部分,死亡0;受傷1,121.752189,24.754909
20180101,A2,雲林縣古坑鄉,縣道,50,單路部分,死亡0;受傷2,120.547546,23.62828
20180101,A2,臺中市后里區,市區道路,40,交岔路,死亡0;受傷1,120.701626,24.32024
20180101,A2,花蓮縣花蓮市,市區道路,25,交岔路,死亡0;受傷2,121.61292,23.970781
20180101,A2,新北市三重區,市區道路,50,交岔路,死亡0;受傷2,121.493869,25.063382
20180101,A2,高雄市鹽埕區,市區道路,40,單路部分,死亡0;受傷4,120.282174,22.624268
20180101,A2,南投縣南投市,省道,60,交岔路,死亡0;受傷2,120.672004,23.923081
20180101,A2,雲林縣古坑鄉,其他,50,單路部分,死亡0;受傷1,120.567657,23.635199
20180101,A2,雲林縣斗六市,市區道路,50,單路部分,死亡0;受傷3,120.541563,23.699865
20180101,A2,臺北市中山區,市區道路,50,單路部分,死亡0;受傷1,121.522729,25.053782
20180101,A2,高雄市仁武區,市區道路,50,單路部分,死亡0;受傷1,120.3731,22.69657
20180101,A2,臺南市歸仁區,市區道路,50,單路部分,死亡0;受傷1,120.274608,22.950055
20180101,A2,南投縣仁愛鄉,鄉道,30,單路部分,死亡0;受傷3,121.152002,24.038674
20180101,A2,高雄市岡山區,市區道路,50,交岔路,死亡0;受傷1,120.305363,22.82098
20180101,A2,高雄市前鎮,市區道路,40,交岔路,死亡0;受傷1,120.302208,22.590271
20180101,A2,新北市板橋區,市區道路,50,交岔路,死亡0;受傷1,121.455592,25.008436
20180101,A2,嘉義市東區,市區道路,50,交岔路,死亡0;受傷1,120.45664,23.494182
20180101,A2,高雄市三民區,市區道路,40,單路部分,死亡0;受傷2,120.0,22.0
20180101,A2,臺中市沙鹿區,市區道路,50,單路部分,死亡0;受傷1,120.579902,24.216255
20180101,A2,高雄市苓雅區,市區道路,40,交岔路,死亡0;受傷1,120.34437,22.62487
20180101,A2,高雄市小港區,市區道路,40,交岔路,死亡0;受傷2,120.3538,22.56631
20180101,A2,新北市三重區,市區道路,50,交岔路,死亡0;受傷1,121.481012,25.079482
20180101,A2,臺北市中正區,市區道路,50,交岔路,死亡0;受傷2,121.528426,25.038371
20180101,A2,嘉義市西區,市區道路,40,交岔路,死亡0;受傷2,120.44633,23.467636
20180101,A2,臺南市佳里區,市區道路,50,交岔路,死亡0;受傷1,120.176888,23.16032
20180101,A2,桃園市中壢區,市區道路,50,單路部分,死亡0;受傷1,121.218327,24.958783
20180101,A2,臺北市萬華區,市區道路,30,交岔路,死亡0;受傷1,121.499776,25.026236
20180101,A2,新竹縣關西鎮,縣道,60,單路部分,死亡0;受傷2,121.148128,24.804485
20180101,A2,高雄市大寮區,市區道路,40,單路部分,死亡0;受傷1,120.410237,22.625436
20180101,A2,南投縣草屯鎮,村里道路,50,交岔路,死亡0;受傷1,120.701112,23.988713
20180101,A2,高雄市旗津區,市區道路,50,單路部分,死亡0;受傷1,120.30152,22.62716
20180101,A2,雲林縣大埤鄉,村里道路,40,單路部分,死亡0;受傷1,120.42424,23.651908
20180101,A2,臺中市沙鹿區,市區道路,50,交岔路,死亡0;受傷1,120.555773,24.232654
20180101,A2,屏東縣屏東市,其他,40,交岔路,死亡0;受傷1,120.509228,22.699543
20180101,A2,花蓮縣吉安鄉,村里道路,40,交岔路,死亡0;受傷1,121.583411,23.972148
20180101,A2,雲林縣古坑鄉,其他,50,單路部分,死亡0;受傷1,120.560427,23.650515
20180101,A2,高雄市大寮區,市區道路,50,交岔路,死亡0;受傷1,120.39074,22.608349
20180101,A2,新北市板橋區,市區道路,40,單路部分,死亡0;受傷1,121.47682,25.013475
20180101,A2,高雄市前鎮,市區道路,40,單路部分,死亡0;受傷1,120.315225,22.577251
20180101,A2,宜蘭縣五結鄉,村里道路,50,單路部分,死亡0;受傷2,121.773469,24.711676
20180101,A2,高雄市小港區,市區道路,50,交岔路,死亡0;受傷1,120.354692,22.581941
20180101,A2,雲林縣虎尾鎮,村里道路,40,交岔路,死亡0;受傷1,120.433619,23.709179
20180101,A2,桃園市桃園區,市區道路,50,單路部分,死亡0;受傷2,121.318508,24.983892
20180101,A2,基隆市中正區,市區道路,50,單路部分,死亡0;受傷1,121.759574,25.141327
20180101,A2,高雄市美濃區,市區道路,50,交岔路,死亡0;受傷2,120.539152,22.901755
20180101,A2,嘉義縣民雄鄉,鄉道,40,單路部分,死亡0;受傷1,120.429736,23.552425
20180101,A2,彰化縣埔心鄉,村里道路,40,單路部分,死亡0;受傷3,120.553805,23.960588
20180101,A2,屏東縣九如鄉,村里道路,50,單路部分,死亡0;受傷1,120.479749,22.741459
20180101,A2,臺中市大肚區,市區道路,30,單路部分,死亡0;受傷3,120.567667,24.156344
20180101,A2,桃園市平鎮,其他,50,單路部分,死亡0;受傷1,121.210952,24.948142
20180101,A2,宜蘭縣羅東鎮,市區道路,50,單路部分,死亡0;受傷1,121.77104,24.66911
20180101,A2,臺南市北區,市區道路,50,單路部分,死亡0;受傷1,120.214559,23.016548
20180101,A2,屏東縣潮州鎮,村里道路,40,單路部分,死亡0;受傷4,120.550551,22.555558
20180101,A2,臺中市大雅區,市區道路,50,交岔路,死亡0;受傷1,120.650468,24.211232
20180101,A2,彰化縣田尾鄉,村里道路,50,單路部分,死亡0;受傷2,120.533473,23.88958
20180101,A2,臺北市大安區,市區道路,50,單路部分,死亡0;受傷1,121.548534,25.020574
20180101,A2,嘉義市東區,市區道路,50,交岔路,死亡0;受傷2,120.482055,23.481619
20180101,A2,臺南市安南區,市區道路,40,單路部分,死亡0;受傷1,120.177414,23.050132
20180101,A2,臺中市北屯區,市區道路,50,交岔路,死亡0;受傷1,120.69993,24.16746
20180101,A2,新竹縣竹東鎮,村里道路,40,單路部分,死亡0;受傷1,121.088518,24.729104
20180101,A2,新竹縣竹東鎮,縣道,50,單路部分,死亡0;受傷1,121.086281,24.739008
20180101,A2,臺中市西屯區,市區道路,50,交岔路,死亡0;受傷1,120.667086,24.177993
20180101,A2,高雄市大樹區,市區道路,60,交岔路,死亡0;受傷1,120.442885,22.763527
20180101,A2,臺南市永康區,市區道路,50,交岔路,死亡0;受傷2,120.275397,23.020083
20180101,A2,高雄市岡山區,市區道路,50,單路部分,死亡0;受傷1,120.295165,22.798615
20180101,A2,花蓮縣花蓮市,市區道路,50,單路部分,死亡0;受傷2,121.600151,23.986762
20180101,A2,新竹縣新豐鄉,省道,0,單路部分,死亡0;受傷2,120.991788,24.926956
20180101,A2,高雄市路竹區,市區道路,50,交岔路,死亡0;受傷2,120.260737,22.857355
20180101,A2,花蓮縣花蓮市,市區道路,50,交岔路,死亡0;受傷2,121.601038,23.987752
20180101,A2,臺南市東區,市區道路,60,單路部分,死亡0;受傷2,120.233903,22.991879
20180101,A2,臺中市霧峰區,國道,100,單路部分,死亡0;受傷1,120.725642,24.006474
20180101,A2,臺南市佳里區,市區道路,50,單路部分,死亡0;受傷3,120.155561,23.161846
20180101,A2,高雄市前鎮,市區道路,50,交岔路,死亡0;受傷1,120.3279,22.60025
20180101,A2,桃園市桃園區,市區道路,50,交岔路,死亡0;受傷1,121.28794,24.990942
20180101,A2,基隆市暖暖區,市區道路,50,交岔路,死亡0;受傷1,121.742421,25.102326
20180101,A2,新北市新店區,市區道路,50,交岔路,死亡0;受傷2,121.531664,24.970048
20180101,A2,臺南市東區,市區道路,50,單路部分,死亡0;受傷1,120.237076,22.988721
20180101,A2,高雄市前鎮,市區道路,40,交岔路,死亡0;受傷2,120.318,22.61745
20180101,A2,新北市新店區,市區道路,50,交岔路,死亡0;受傷1,121.540687,24.976171
20180101,A2,高雄市三民區,市區道路,50,交岔路,死亡0;受傷2,120.304454,22.650117
20180101,A2,新北市萬里區,村里道路,50,單路部分,死亡0;受傷1,121.646287,25.212509
20180101,A2,臺南市中西區,市區道路,50,交岔路,死亡0;受傷1,120.203497,22.994812
20180101,A2,臺中市西屯區,市區道路,50,交岔路,死亡0;受傷1,120.618329,24.183487
20180101,A2,高雄市大寮區,市區道路,60,交岔路,死亡0;受傷1,120.43229,22.564988
20180101,A2,臺中市大雅區,市區道路,50,單路部分,死亡0;受傷1,120.655257,24.237407
20180101,A2,臺南市東區,市區道路,50,單路部分,死亡0;受傷1,120.218124,22.993814
20180101,A2,新北市三重區,市區道路,50,單路部分,死亡0;受傷1,121.492492,25.078307
20180101,A2,臺南市南區,市區道路,50,交岔路,死亡0;受傷1,120.203983,22.975222
20180101,A2,雲林縣麥寮鄉,村里道路,40,交岔路,死亡0;受傷2,120.258471,23.749243
20180101,A2,高雄市鼓山區,市區道路,50,單路部分,死亡0;受傷1,120.294,22.6553
20180101,A2,新北市五股區,市區道路,80,單路部分,死亡0;受傷1,121.398394,25.141247
20180101,A2,臺中市沙鹿區,市區道路,50,交岔路,死亡0;受傷1,120.568561,24.224778
20180101,A2,新北市中和區,市區道路,50,交岔路,死亡0;受傷2,121.492424,24.990619
20180101,A2,臺北市中山區,市區道路,50,單路部分,死亡0;受傷1,121.520124,25.06254
20180101,A2,臺中市梧棲區,市區道路,40,交岔路,死亡0;受傷1,120.544698,24.233084
20180101,A2,新竹縣竹北市,其他,40,單路部分,死亡0;受傷1,120.997764,24.840139
20180101,A2,嘉義市西區,市區道路,50,交岔路,死亡0;受傷3,120.434522,23.475674
20180101,A2,臺南市永康區,市區道路,50,交岔路,死亡0;受傷1,120.219323,23.022844
20180101,A2,嘉義縣水上鄉,縣道,50,交岔路,死亡0;受傷2,120.427371,23.448045
20180101,A2,新北市中和區,市區道路,40,交岔路,死亡0;受傷1,121.498652,24.993907
20180101,A2,屏東縣枋寮鄉,省道,40,單路部分,死亡0;受傷1,120.602446,22.373713
20180101,A2,臺南市東區,市區道路,50,交岔路,死亡0;受傷1,120.236356,22.961908
20180101,A2,新北市新莊區,市區道路,50,單路部分,死亡0;受傷1,121.453195,25.040985
20180101,A2,桃園市大園區,市區道路,50,單路部分,死亡0;受傷1,121.249913,25.094509
20180101,A2,臺中市東區,市區道路,50,單路部分,死亡0;受傷2,120.703845,24.130963
20180101,A2,臺南市東區,市區道路,50,單路部分,死亡0;受傷1,120.214076,22.998911
20180101,A2,臺中市梧棲區,市區道路,60,交岔路,死亡0;受傷2,120.530859,24.237092
20180101,A2,臺中市東區,市區道路,50,交岔路,死亡0;受傷1,120.690321,24.128926
20180101,A2,花蓮縣壽豐鄉,鄉道,40,交岔路,死亡0;受傷1,121.51343,23.876552
20180101,A2,臺中市西區,市區道路,50,交岔路,死亡0;受傷1,120.66989,24.152733
20180101,A2,雲林縣斗六市,市區道路,50,交岔路,死亡0;受傷1,120.538179,23.70002
20180101,A2,臺北市大同區,市區道路,40,交岔路,死亡0;受傷2,121.50813,25.050391
20180101,A2,臺北市萬華區,市區道路,50,交岔路,死亡0;受傷1,121.496096,25.038423
20180101,A2,臺北市大安區,市區道路,50,單路部分,死亡0;受傷1,121.545247,25.041653
20180101,A2,新竹市東區,市區道路,50,單路部分,死亡0;受傷1,120.983274,24.818199
20180101,A2,臺中市沙鹿區,市區道路,40,交岔路,死亡0;受傷3,120.573296,24.226197
20180101,A2,新竹縣竹東鎮,縣道,50,交岔路,死亡0;受傷1,121.051058,24.771273
20180101,A2,嘉義市西區,市區道路,40,交岔路,死亡0;受傷3,120.448591,23.478745
20180101,A2,臺中市東區,市區道路,40,交岔路,死亡0;受傷1,120.693083,24.133425
20180101,A2,嘉義縣竹崎鄉,縣道,50,單路部分,死亡0;受傷1,120.570413,23.525948
20180101,A2,臺南市安南區,市區道路,70,單路部分,死亡0;受傷2,120.176557,23.020251
20180101,A2,新北市泰山區,市區道路,50,交岔路,死亡0;受傷1,121.432001,25.059796
20180101,A2,新北市新店區,市區道路,50,交岔路,死亡0;受傷1,121.504569,24.957842
20180101,A2,臺中市北屯區,市區道路,50,交岔路,死亡0;受傷2,120.666458,24.185971
20180101,A2,臺中市清水區,市區道路,50,交岔路,死亡0;受傷1,120.566336,24.268261
20180101,A2,臺南市南區,市區道路,50,交岔路,死亡0;受傷2,120.210902,22.98114
20180101,A2,臺東縣大武鄉,村里道路,40,單路部分,死亡0;受傷1,120.885589,22.342112
20180101,A2,新北市樹林區,縣道,40,交岔路,死亡0;受傷1,121.426237,25.002193
20180101,A2,新北市三重區,市區道路,50,單路部分,死亡0;受傷1,121.496594,25.057154
20180101,A2,桃園市大園區,國道,100,單路部分,死亡0;受傷1,121.223024,25.040112
20180101,A2,嘉義市東區,市區道路,50,交岔路,死亡0;受傷1,120.452427,23.47767
20180101,A2,彰化縣永靖鄉,村里道路,40,交岔路,死亡0;受傷1,120.544055,23.931162
20180101,A2,雲林縣虎尾鎮,村里道路,50,單路部分,死亡0;受傷3,120.430904,23.707467
20180101,A2,桃園市平鎮,縣道,50,交岔路,死亡0;受傷1,121.211113,24.900393
20180101,A2,嘉義縣阿里山鄉,省道,30,單路部分,死亡0;受傷1,120.797553,23.497373
20180101,A2,臺中市北屯區,市區道路,50,交岔路,死亡0;受傷1,120.721776,24.174818
20180101,A2,桃園市中壢區,市區道路,50,交岔路,死亡0;受傷2,121.205396,24.972151
20180101,A2,嘉義縣竹崎鄉,省道,30,單路部分,死亡0;受傷2,120.685018,23.457243
20180101,A2,臺中市清水區,市區道路,50,交岔路,死亡0;受傷1,120.577217,24.269738
20180101,A2,臺東縣長濱鄉,省道,60,單路部分,死亡0;受傷1,121.454939,23.315071
20180101,A2,桃園市龜山區,村里道路,50,交岔路,死亡0;受傷1,121.349391,25.001687
20180101,A2,雲林縣土庫鎮,村里道路,50,單路部分,死亡0;受傷1,120.355439,23.71014
20180101,A2,彰化縣伸港鄉,縣道,40,交岔路,死亡0;受傷1,120.485725,24.149096
20180101,A2,嘉義縣阿里山鄉,省道,30,單路部分,死亡0;受傷5,120.722623,23.462577
20180101,A2,雲林縣二崙鄉,村里道路,50,單路部分,死亡0;受傷1,120.422419,23.796585
20180101,A2,宜蘭縣五結鄉,村里道路,40,交岔路,死亡0;受傷1,121.804708,24.674516
20180101,A2,高雄市三民區,市區道路,40,交岔路,死亡0;受傷1,120.326464,22.639468
20180101,A2,新竹縣竹東鎮,縣道,50,單路部分,死亡0;受傷1,121.09,24.742096
20180101,A2,嘉義縣大林鎮,縣道,50,交岔路,死亡0;受傷1,120.462899,23.602453
20180101,A2,宜蘭縣大同鄉,專用道路,25,單路部分,死亡0;受傷2,121.511595,24.538199
20180101,A2,高雄市小港區,市區道路,50,交岔路,死亡0;受傷1,120.363317,22.56741
20180101,A2,高雄市苓雅區,市區道路,40,交岔路,死亡0;受傷2,120.30098,22.615912
20180101,A2,嘉義縣朴子市,村里道路,40,交岔路,死亡0;受傷2,120.265253,23.457213
20180101,A2,屏東縣潮州鎮,村里道路,40,單路部分,死亡0;受傷3,120.53063,22.55287
20180101,A2,桃園市中壢區,市區道路,50,單路部分,死亡0;受傷1,121.262954,24.972089
20180101,A2,嘉義縣竹崎鄉,省道,30,單路部分,死亡0;受傷1,120.696852,23.473442
20180101,A2,桃園市中壢區,市區道路,50,交岔路,死亡0;受傷1,121.247971,24.968397
20180101,A2,彰化縣二林鎮,村里道路,50,交岔路,死亡0;受傷1,120.370948,23.90271
20180101,A2,新北市三重區,市區道路,50,單路部分,死亡0;受傷2,121.483917,25.082926
20180101,A2,臺南市安平區,市區道路,50,交岔路,死亡0;受傷1,120.186557,22.997939
20180101,A2,南投縣埔里鎮,省道,40,單路部分,死亡0;受傷2,121.033255,23.994163
20180101,A2,南投縣草屯鎮,村里道路,50,單路部分,死亡0;受傷2,120.697861,23.980837
20180101,A2,彰化縣員林市,市區道路,50,交岔路,死亡0;受傷1,120.57377,23.960092
20180101,A2,嘉義市西區,市區道路,50,交岔路,死亡0;受傷1,120.444454,23.476316
20180101,A2,臺南市玉井區,市區道路,50,圓環廣場,死亡0;受傷1,120.460589,23.124183
20180101,A2,臺中市神岡區,市區道路,40,單路部分,死亡0;受傷1,120.672998,24.250993
20180101,A2,臺東縣成功鎮,村里道路,50,單路部分,死亡0;受傷2,121.356268,23.090154
20180101,A2,臺南市鹽水區,市區道路,50,交岔路,死亡0;受傷1,120.26501,23.312919
20180101,A2,高雄市鳳山區,市區道路,50,交岔路,死亡0;受傷1,120.367073,22.640574
20180101,A2,高雄市林園區,市區道路,50,交岔路,死亡0;受傷1,120.395844,22.503523
20180101,A2,臺中市北屯區,市區道路,40,單路部分,死亡0;受傷1,120.693732,24.161882
20180101,A2,南投縣國姓鄉,村里道路,60,單路部分,死亡0;受傷1,120.848828,24.012485
20180101,A2,臺北市南港區,市區道路,40,單路部分,死亡0;受傷1,121.616191,25.062868
20180101,A2,屏東縣枋山鄉,省道,40,交岔路,死亡0;受傷2,120.652987,22.261013
20180101,A2,桃園市楊梅區,國道,100,單路部分,死亡0;受傷1,121.153589,24.901107
20180101,A2,桃園市八德區,市區道路,50,交岔路,死亡0;受傷1,121.299351,24.95761
20180101,A2,高雄市鳳山區,市區道路,50,單路部分,死亡0;受傷1,120.353398,22.612731
20180101,A2,嘉義市東區,市區道路,50,單路部分,死亡0;受傷1,120.454724,23.49531
20180101,A2,高雄市三民區,市區道路,40,交岔路,死亡0;受傷1,120.320878,22.664907
20180101,A2,臺中市烏日區,市區道路,40,單路部分,死亡0;受傷1,120.64429,24.054303
20180101,A2,苗栗縣竹南鎮,村里道路,50,交岔路,死亡0;受傷2,120.866336,24.691495
20180101,A2,桃園市楊梅區,市區道路,50,交岔路,死亡0;受傷2,121.083739,24.91241
20180101,A2,新北市樹林區,市區道路,50,交岔路,死亡0;受傷1,121.401344,24.973231
20180101,A2,南投縣埔里鎮,市區道路,30,單路部分,死亡0;受傷1,120.964687,23.993287
20180101,A2,高雄市燕巢區,市區道路,50,交岔路,死亡0;受傷2,120.351601,22.785929
20180101,A2,臺中市北屯區,市區道路,50,交岔路,死亡0;受傷1,120.688883,24.201237
20180101,A2,苗栗縣竹南鎮,村里道路,40,交岔路,死亡0;受傷1,120.873768,24.67697
20180101,A2,南投縣魚池鄉,村里道路,30,交岔路,死亡0;受傷1,120.910785,23.864607
20180101,A2,新北市三重區,市區道路,40,交岔路,死亡0;受傷1,121.47691,25.068488
20180101,A2,新竹縣湖口鄉,市區道路,60,交岔路,死亡0;受傷1,121.041518,24.878553
20180101,A2,桃園市中壢區,市區道路,50,單路部分,死亡0;受傷2,121.250867,24.977423
20180101,A2,桃園市觀音區,縣道,50,交岔路,死亡0;受傷2,121.16788,24.99341
20180101,A2,苗栗縣苗栗市,市區道路,50,交岔路,死亡0;受傷3,120.817806,24.564248
20180101,A2,桃園市龜山區,村里道路,50,交岔路,死亡0;受傷1,121.341729,25.001128
20180101,A2,新北市永和區,市區道路,40,單路部分,死亡0;受傷1,121.531538,25.008219
20180101,A2,臺北市北投區,市區道路,50,單路部分,死亡0;受傷1,121.495554,25.121562
20180101,A2,花蓮縣花蓮市,市區道路,50,單路部分,死亡0;受傷1,121.62266,23.987917
20180101,A2,高雄市大寮區,市區道路,40,交岔路,死亡0;受傷2,120.403906,22.591824
20180101,A2,臺南市歸仁區,市區道路,50,交岔路,死亡0;受傷1,120.302685,22.965812
20180101,A2,高雄市彌陀區,市區道路,50,交岔路,死亡0;受傷2,120.247597,22.784402
20180101,A2,臺中市烏日區,市區道路,70,交岔路,死亡0;受傷1,120.614142,24.106895
20180101,A2,宜蘭縣冬山鄉,鄉道,30,單路部分,死亡0;受傷2,121.770822,24.660765
20180101,A2,新北市新莊區,市區道路,50,單路部分,死亡0;受傷2,121.43297,25.015963
20180101,A2,臺北市中山區,市區道路,40,交岔路,死亡0;受傷2,121.525434,25.052189
20180101,A2,臺北市內湖區,市區道路,30,單路部分,死亡0;受傷2,121.577122,25.101279
20180101,A2,苗栗縣苑裡鎮,縣道,50,交岔路,死亡0;受傷4,120.678168,24.387264
20180101,A2,宜蘭縣蘇澳鎮,村里道路,40,單路部分,死亡0;受傷2,121.868304,24.577469
20180101,A2,嘉義縣水上鄉,村里道路,50,交岔路,死亡0;受傷1,120.381086,23.424489
20180101,A2,臺南市佳里區,市區道路,50,單路部分,死亡0;受傷1,120.195429,23.166551
20180101,A2,宜蘭縣羅東鎮,村里道路,50,交岔路,死亡0;受傷1,121.771457,24.682061
20180101,A2,臺東縣長濱鄉,省道,60,單路部分,死亡0;受傷2,121.465521,23.34175
20180101,A2,彰化縣大村鄉,村里道路,40,單路部分,死亡0;受傷1,120.539825,24.011717
20180101,A2,新北市五股區,市區道路,40,單路部分,死亡0;受傷1,121.446311,25.088119
20180101,A2,臺中市北屯區,市區道路,50,交岔路,死亡0;受傷1,120.663291,24.1983
20180101,A2,南投縣中寮鄉,縣道,50,單路部分,死亡0;受傷1,120.768579,23.86001
20180101,A2,臺南市東區,市區道路,50,交岔路,死亡0;受傷1,120.212866,22.991449
20180101,A2,屏東縣恆春鎮,村里道路,40,交岔路,死亡0;受傷1,120.743461,22.004331
20180101,A2,新竹縣關西鎮,縣道,50,單路部分,死亡0;受傷1,121.186043,24.801449
20180101,A2,臺中市外埔區,市區道路,50,交岔路,死亡0;受傷1,120.640746,24.341144
20180101,A2,高雄市楠梓區,市區道路,40,單路部分,死亡0;受傷1,120.29464,22.714038
20180101,A2,苗栗縣頭份市,村里道路,50,交岔路,死亡0;受傷1,120.910318,24.686624
20180101,A2,新竹縣關西鎮,縣道,60,單路部分,死亡0;受傷2,121.179644,24.781538
20180101,A2,桃園市龜山區,村里道路,50,單路部分,死亡0;受傷3,121.341879,25.001358
20180101,A2,雲林縣斗六市,市區道路,50,交岔路,死亡0;受傷2,120.555822,23.704482
20180101,A2,臺中市西區,市區道路,40,交岔路,死亡0;受傷1,120.668527,24.132092
20180101,A2,南投縣南投市,市區道路,50,交岔路,死亡0;受傷1,120.685349,23.91009
20180101,A2,南投縣草屯鎮,村里道路,40,交岔路,死亡0;受傷2,120.669695,23.976658
20180101,A2,新北市石碇區,縣道,60,單路部分,死亡0;受傷1,121.651284,24.947006
20180101,A2,新北市永和區,市區道路,50,交岔路,死亡0;受傷1,121.518574,25.017189
20180101,A2,高雄市鳳山區,市區道路,50,交岔路,死亡0;受傷1,120.332764,22.59841
20180101,A2,臺南市東區,市區道路,50,交岔路,死亡0;受傷1,120.23847,22.982944
20180101,A2,苗栗縣通霄鎮,省道,10,單路部分,死亡0;受傷1,120.708346,24.561995
20180101,A2,桃園市桃園區,市區道路,50,交岔路,死亡0;受傷1,121.292982,24.961698
20180101,A2,新北市三重區,市區道路,50,交岔路,死亡0;受傷1,121.499774,25.062779
20180101,A2,屏東縣屏東市,市區道路,50,交岔路,死亡0;受傷2,120.4808,22.683036
20180101,A2,新北市新店區,市區道路,50,交岔路,死亡0;受傷2,121.515125,24.968392
20180101,A2,高雄市三民區,市區道路,40,交岔路,死亡0;受傷2,120.335344,22.642413
20180101,A2,花蓮縣壽豐鄉,鄉道,10,交岔路,死亡0;受傷1,121.514009,23.884783
20180101,A2,高雄市苓雅區,市區道路,50,單路部分,死亡0;受傷2,120.327687,22.629498
20180101,A2,南投縣國姓鄉,省道,70,單路部分,死亡0;受傷1,120.818234,24.008763
20180101,A2,臺北市士林區,市區道路,40,單路部分,死亡0;受傷2,121.523193,25.099744
20180101,A2,臺東縣太麻里鄉,省道,70,單路部分,死亡0;受傷2,121.020209,22.649076
20180101,A2,臺中市大里區,市區道路,50,交岔路,死亡0;受傷1,120.69097,24.109825
20180101,A2,宜蘭縣羅東鎮,村里道路,40,單路部分,死亡0;受傷2,121.771817,24.679115
20180101,A2,新北市永和區,市區道路,50,單路部分,死亡0;受傷1,121.515477,25.017918
20180101,A2,高雄市鳳山區,市區道路,50,單路部分,死亡0;受傷1,120.338045,22.589938
20180101,A2,新竹縣新豐鄉,村里道路,40,交岔路,死亡0;受傷2,120.994148,24.872791
20180101,A2,臺中市后里區,市區道路,60,交岔路,死亡0;受傷2,120.72352,24.298271
20180101,A2,臺南市仁德區,市區道路,50,單路部分,死亡0;受傷1,120.270132,22.969441
20180101,A2,桃園市中壢區,市區道路,50,交岔路,死亡0;受傷2,121.178566,24.989423
20180101,A2,屏東縣長治鄉,縣道,50,單路部分,死亡0;受傷1,120.568138,22.704097
20180101,A2,嘉義縣民雄鄉,省道,50,單路部分,死亡0;受傷2,120.440009,23.521012
20180101,A2,高雄市仁武區,市區道路,50,交岔路,死亡0;受傷1,120.335748,22.695489
20180101,A2,臺北市士林區,市區道路,40,交岔路,死亡0;受傷3,121.532092,25.113974
20180101,A2,臺中市南屯區,市區道路,50,單路部分,死亡0;受傷2,120.636802,24.153486
20180101,A2,新竹市北區,市區道路,50,交岔路,死亡0;受傷1,120.962086,24.810471
20180101,A2,基隆市暖暖區,市區道路,50,單路部分,死亡0;受傷1,121.725982,25.103726
20180101,A2,新北市新店區,市區道路,50,交岔路,死亡0;受傷3,121.537259,24.974473
20180101,A2,高雄市三民區,市區道路,40,單路部分,死亡0;受傷1,120.308554,22.652779
20180101,A2,桃園市中壢區,市區道路,50,交岔路,死亡0;受傷1,121.259203,24.956961
20180101,A2,新北市三芝區,市區道路,60,單路部分,死亡0;受傷1,121.504452,25.261183
20180101,A2,桃園市桃園區,市區道路,40,單路部分,死亡0;受傷1,121.305969,24.989341
20180101,A2,新北市中和區,市區道路,30,交岔路,死亡0;受傷2,121.496319,25.00367
20180101,A2,新北市汐止區,市區道路,50,單路部分,死亡0;受傷1,121.653422,25.061916
20180101,A2,臺北市北投區,市區道路,50,交岔路,死亡0;受傷2,121.522506,25.119481
20180101,A2,臺南市山上區,市區道路,50,單路部分,死亡0;受傷1,120.346684,23.091181
20180101,A2,新北市淡水區,市區道路,30,單路部分,死亡0;受傷2,121.444538,25.176412
20180101,A2,臺北市大安區,市區道路,50,交岔路,死亡0;受傷2,121.554468,25.041477
20180101,A2,臺南市永康區,市區道路,50,交岔路,死亡0;受傷2,120.274031,23.030044
20180101,A2,臺南市安南區,市區道路,70,單路部分,死亡0;受傷1,120.158314,23.040163
20180101,A2,臺北市中山區,市區道路,0,交岔路,死亡0;受傷1,121.54404,25.052241
20180101,A2,臺中市霧峰區,市區道路,40,單路部分,死亡0;受傷2,120.68061,24.055907
20180101,A2,臺中市南屯區,市區道路,50,交岔路,死亡0;受傷3,120.653067,24.13782
20180101,A2,高雄市前鎮,市區道路,40,交岔路,死亡0;受傷1,120.337765,22.608246
20180101,A2,臺北市南港區,市區道路,50,單路部分,死亡0;受傷4,121.61158,25.05233
20180101,A2,高雄市前鎮,市區道路,40,交岔路,死亡0;受傷1,120.3063,22.59203
20180101,A2,宜蘭縣壯圍鄉,縣道,40,單路部分,死亡0;受傷1,121.799154,24.787212
20180101,A2,嘉義縣阿里山鄉,省道,30,單路部分,死亡0;受傷1,120.745711,23.484896
20180101,A2,桃園市桃園區,市區道路,50,交岔路,死亡0;受傷1,121.306658,24.998544
20180101,A2,新北市泰山區,市區道路,50,交岔路,死亡0;受傷1,121.44111,25.060823
20180101,A2,新北市土城區,市區道路,50,交岔路,死亡0;受傷1,121.446735,24.988461
20180101,A2,新北市中和區,市區道路,50,交岔路,死亡0;受傷1,121.522346,24.992695
20180101,A2,屏東縣長治鄉,村里道路,50,單路部分,死亡0;受傷1,120.560853,22.67063
20180101,A2,南投縣竹山鎮,省道,50,交岔路,死亡0;受傷3,120.679431,23.757443
20180101,A2,桃園市中壢區,縣道,50,交岔路,死亡0;受傷1,121.254399,24.971116
20180101,A2,臺中市外埔區,市區道路,40,交岔路,死亡0;受傷3,120.631194,24.324318
20180101,A2,桃園市平鎮,市區道路,50,交岔路,死亡0;受傷1,121.255183,24.929556
20180101,A2,高雄市鳳山區,市區道路,50,交岔路,死亡0;受傷3,120.3621,22.62532
20180101,A2,新竹縣竹北市,其他,50,單路部分,死亡0;受傷1,121.024492,24.821167
20180101,A2,新北市新店區,市區道路,50,單路部分,死亡0;受傷1,121.531616,24.974773
20180101,A2,桃園市桃園區,市區道路,40,單路部分,死亡0;受傷2,121.223867,24.954492
20180101,A2,臺北市中正區,市區道路,50,交岔路,死亡0;受傷1,121.512643,25.03552
20180101,A2,宜蘭縣五結鄉,村里道路,50,交岔路,死亡0;受傷2,121.76936,24.700892
20180101,A2,臺北市文山區,市區道路,40,單路部分,死亡0;受傷1,121.582839,24.965753
20180101,A2,臺南市東區,市區道路,40,交岔路,死亡0;受傷1,120.235561,22.987356
20180101,A2,新北市汐止區,市區道路,40,交岔路,死亡0;受傷1,121.620365,25.067822
20180101,A2,臺中市南屯區,市區道路,50,交岔路,死亡0;受傷1,120.633951,24.146186
20180101,A2,桃園市中壢區,市區道路,50,交岔路,死亡0;受傷1,121.235118,24.94806
20180101,A2,南投縣仁愛鄉,省道,40,單路部分,死亡0;受傷1,121.124775,24.017162
20180101,A2,新北市新店區,市區道路,50,交岔路,死亡0;受傷3,121.497325,24.954664
20180101,A2,彰化縣鹿港鎮,村里道路,50,交岔路,死亡0;受傷6,120.43698,24.061353
20180101,A2,新北市石門區,省道,70,交岔路,死亡0;受傷1,121.522727,25.277491
20180101,A2,臺中市烏日區,市區道路,60,交岔路,死亡0;受傷1,120.64643,24.09271
20180101,A2,桃園市平鎮,市區道路,50,交岔路,死亡0;受傷1,121.212516,24.95054
20180101,A2,臺中市西屯區,市區道路,50,單路部分,死亡0;受傷2,120.64669,24.158141
20180101,A2,花蓮縣富里鄉,省道,50,交岔路,死亡0;受傷3,121.242244,23.161293
20180101,A2,臺中市大雅區,市區道路,50,交岔路,死亡0;受傷2,120.648311,24.221296
20180101,A2,嘉義縣朴子市,省道,70,單路部分,死亡0;受傷2,120.246359,23.407786
20180101,A2,新北市板橋區,市區道路,50,單路部分,死亡0;受傷1,121.482037,25.029737
20180101,A2,臺中市西屯區,市區道路,50,交岔路,死亡0;受傷2,120.603838,24.186098
20180101,A2,澎湖縣馬公市,市區道路,50,交岔路,死亡0;受傷2,119.56569,23.568953
20180101,A2,高雄市鳳山區,市區道路,70,交岔路,死亡0;受傷2,120.352599,22.637111
20180101,A2,臺南市東區,市區道路,50,交岔路,死亡0;受傷1,120.220086,22.985802
20180101,A2,臺東縣太麻里鄉,省道,40,單路部分,死亡0;受傷1,120.979965,22.564452
20180101,A2,臺東縣成功鎮,市區道路,40,交岔路,死亡0;受傷1,121.375527,23.104611
20180101,A2,桃園市平鎮,市區道路,50,交岔路,死亡0;受傷1,121.211189,24.942509
20180101,A2,嘉義縣朴子市,市區道路,40,交岔路,死亡0;受傷3,120.24652,23.467577
20180101,A2,桃園市大溪區,市區道路,50,交岔路,死亡0;受傷1,121.309705,24.894258
20180101,A2,屏東縣恆春鎮,省道,60,交岔路,死亡0;受傷2,120.76757,21.957763
20180101,A2,臺南市安南區,市區道路,70,交岔路,死亡0;受傷1,120.173457,23.023836
20180101,A2,臺中市太平區,市區道路,50,交岔路,死亡0;受傷1,120.726738,24.124398
20180101,A2,新北市金山區,省道,70,單路部分,死亡0;受傷2,121.636711,25.222481
20180101,A2,新北市金山區,市區道路,50,單路部分,死亡0;受傷1,121.59495,25.196813
20180101,A2,臺中市南屯區,市區道路,50,單路部分,死亡0;受傷2,120.620008,24.137176
20180101,A2,臺北市北投區,市區道路,50,單路部分,死亡0;受傷1,121.471998,25.122886
20180101,A2,臺東縣成功鎮,省道,60,單路部分,死亡0;受傷2,121.376251,23.103025
20180101,A2,屏東縣九如鄉,省道,50,交岔路,死亡0;受傷2,120.489103,22.733965
20180101,A2,臺中市神岡區,市區道路,50,交岔路,死亡0;受傷2,120.695065,24.265735
20180101,A2,嘉義縣朴子市,省道,70,單路部分,死亡0;受傷1,120.24682,23.41268
20180101,A2,南投縣埔里鎮,省道,50,單路部分,死亡0;受傷1,120.928423,23.941115
20180101,A2,桃園市龜山區,市區道路,50,交岔路,死亡0;受傷1,121.339715,24.995806
20180101,A2,臺東縣太麻里鄉,省道,70,單路部分,死亡0;受傷1,121.014758,22.634699
20180101,A2,彰化縣鹿港鎮,村里道路,40,交岔路,死亡0;受傷1,120.432148,24.059333
20180101,A2,新北市永和區,市區道路,50,單路部分,死亡0;受傷2,121.526676,25.001139
20180101,A2,桃園市大溪區,專用道路,50,交岔路,死亡0;受傷1,121.273407,24.911068
20180101,A2,新竹縣芎林鄉,縣道,60,單路部分,死亡0;受傷2,121.069935,24.779507
20180101,A2,屏東縣枋寮鄉,縣道,60,交岔路,死亡0;受傷1,120.605947,22.42777
20180101,A2,嘉義縣番路鄉,省道,30,單路部分,死亡0;受傷1,120.607996,23.438689
20180101,A2,桃園市龜山區,市區道路,50,交岔路,死亡0;受傷3,121.334064,24.997553
20180101,A2,新北市新店區,專用道路,30,單路部分,死亡0;受傷2,121.548446,24.97693
20180101,A2,桃園市楊梅區,市區道路,50,交岔路,死亡0;受傷1,121.185722,24.915777
20180101,A2,桃園市龜山區,縣道,50,單路部分,死亡0;受傷2,121.344155,25.001733
20180101,A2,臺東縣臺東市,市區道路,50,交岔路,死亡0;受傷2,121.144318,22.751348
20180101,A2,臺北市松山區,市區道路,40,單路部分,死亡0;受傷2,121.55303,25.044713
20180101,A2,新北市中和區,市區道路,50,單路部分,死亡0;受傷1,121.472702,25.00038
20180101,A2,臺南市柳營區,市區道路,50,單路部分,死亡0;受傷1,120.312944,23.275398
20180101,A2,新北市中和區,市區道路,50,單路部分,死亡0;受傷2,121.500228,24.977616
20180101,A2,新北市八里區,市區道路,50,交岔路,死亡0;受傷1,121.395376,25.145082
20180101,A2,嘉義市西區,市區道路,40,單路部分,死亡0;受傷1,120.438808,23.46788
20180101,A2,南投縣仁愛鄉,省道,40,單路部分,死亡0;受傷1,121.149738,24.034216
20180101,A2,屏東縣恆春鎮,市區道路,60,單路部分,死亡0;受傷1,120.744588,22.014026
20180101,A2,臺北市士林區,市區道路,40,單路部分,死亡0;受傷2,121.546018,25.135276
20180101,A2,桃園市復興區,其他,25,單路部分,死亡0;受傷1,121.404312,24.688093
20180101,A2,桃園市八德區,市區道路,50,交岔路,死亡0;受傷3,121.260388,24.934194
20180101,A2,新北市板橋區,市區道路,50,交岔路,死亡0;受傷1,121.445833,25.011111
20180101,A2,桃園市龜山區,市區道路,50,單路部分,死亡0;受傷1,121.337165,24.998913
20180101,A2,彰化縣福興鄉,縣道,70,單路部分,死亡0;受傷1,120.439712,24.043934
20180101,A2,高雄市鳳山區,市區道路,50,交岔路,死亡0;受傷1,120.3481,22.62373
20180101,A2,新北市鶯歌區,村里道路,50,交岔路,死亡0;受傷1,121.342275,24.951636
20180101,A2,臺南市南化區,省道,60,單路部分,死亡0;受傷2,120.488777,23.081311
20180101,A2,臺中市北區,市區道路,50,單路部分,死亡0;受傷1,120.685407,24.143213
20180102,A2,桃園市桃園區,市區道路,50,單路部分,死亡0;受傷2,121.314275,25.00676
20180102,A2,新北市三峽區,市區道路,40,單路部分,死亡0;受傷1,121.413364,24.927655
20180102,A2,新竹縣湖口鄉,村里道路,50,交岔路,死亡0;受傷1,121.039383,24.903735
20180102,A2,雲林縣崙背鄉,市區道路,50,交岔路,死亡0;受傷1,120.354967,23.760936
20180102,A2,屏東縣長治鄉,村里道路,50,交岔路,死亡0;受傷2,120.519736,22.665724
20180102,A2,臺南市東區,市區道路,50,交岔路,死亡0;受傷1,120.23192,22.976994
20180102,A2,彰化縣埔鹽鄉,村里道路,40,單路部分,死亡0;受傷1,120.460838,23.964267
20180102,A2,臺南市南區,市區道路,50,單路部分,死亡0;受傷1,120.186002,22.981695
20180102,A2,花蓮縣新城鄉,村里道路,50,交岔路,死亡0;受傷2,121.605338,24.021458
20180102,A2,臺中市北屯區,市區道路,50,單路部分,死亡0;受傷2,120.681823,24.194146
20180102,A2,臺中市南屯區,市區道路,50,交岔路,死亡0;受傷1,120.654766,24.140031
20180102,A2,新北市蘆洲區,其他,50,單路部分,死亡0;受傷2,121.46472,25.081748
20180102,A2,彰化縣芳苑鄉,村里道路,50,交岔路,死亡0;受傷1,120.341377,23.966095
20180102,A2,新北市新莊區,市區道路,50,交岔路,死亡0;受傷1,121.43495,25.030129
20180102,A2,新北市五股區,市區道路,5,交岔路,死亡0;受傷1,121.452691,25.103159
20180102,A2,桃園市中壢區,市區道路,50,交岔路,死亡0;受傷1,121.230734,24.962529
20180102,A2,彰化縣線西鄉,鄉道,40,交岔路,死亡0;受傷1,120.472263,24.134604
20180102,A2,新北市中和區,市區道路,50,單路部分,死亡0;受傷2,121.479409,25.008628
20180102,A2,臺北市大安區,市區道路,40,交岔路,死亡0;受傷2,121.543954,25.032441
20180102,A2,高雄市大樹區,市區道路,70,單路部分,死亡0;受傷1,120.425938,22.686907
20180102,A2,新北市蘆洲區,市區道路,50,交岔路,死亡0;受傷1,121.474006,25.086003
20180102,A2,桃園市平鎮,市區道路,40,單路部分,死亡0;受傷1,121.207185,24.951202
20180102,A2,雲林縣西螺鎮,村里道路,40,交岔路,死亡0;受傷1,120.452224,23.798892
20180102,A2,臺南市新化區,村里道路,40,交岔路,死亡0;受傷1,120.296369,23.034558
20180102,A2,臺南市東區,市區道路,50,交岔路,死亡0;受傷1,120.234397,22.97632
20180102,A2,新北市蘆洲區,市區道路,40,交岔路,死亡0;受傷1,121.467082,25.086232
20180102,A2,臺北市文山區,市區道路,40,單路部分,死亡0;受傷1,121.555385,25.001503
20180102,A2,新北市五股區,市區道路,50,交岔路,死亡0;受傷1,121.461546,25.066199
20180102,A2,臺南市永康區,市區道路,50,單路部分,死亡0;受傷1,120.241749,22.998267
20180102,A2,臺北市士林區,市區道路,50,單路部分,死亡0;受傷1,121.507855,25.086409
20180102,A2,臺南市永康區,市區道路,50,交岔路,死亡0;受傷1,120.244161,23.041735
20180102,A2,高雄市鳳山區,市區道路,50,單路部分,死亡0;受傷1,120.3576,22.6415
20180102,A2,基隆市仁愛區,市區道路,50,交岔路,死亡0;受傷1,121.737923,25.126975
20180102,A2,高雄市燕巢區,市區道路,50,單路部分,死亡0;受傷1,120.366123,22.759718
20180102,A2,桃園市大溪區,專用道路,50,交岔路,死亡0;受傷1,121.289076,24.884561
20180102,A2,彰化縣田中鎮,村里道路,40,交岔路,死亡0;受傷1,120.5898,23.85402
20180102,A2,新竹縣竹北市,市區道路,50,單路部分,死亡0;受傷1,121.014313,24.838316
20180102,A2,苗栗縣苗栗市,市區道路,40,單路部分,死亡0;受傷1,120.810213,24.569518
20180102,A2,雲林縣水林鄉,村里道路,50,交岔路,死亡0;受傷1,120.239761,23.571815
20180102,A2,新北市瑞芳區,市區道路,30,單路部分,死亡0;受傷1,121.807531,25.107309
20180102,A2,臺中市南屯區,市區道路,50,單路部分,死亡0;受傷1,120.640993,24.150266
20180102,A2,新竹縣竹北市,鄉道,25,單路部分,死亡0;受傷1,120.962614,24.842575
20180102,A2,臺中市清水區,市區道路,40,交岔路,死亡0;受傷2,120.590579,24.316288
20180102,A2,桃園市中壢區,市區道路,50,交岔路,死亡0;受傷1,121.249033,24.957503
20180102,A2,臺南市南區,市區道路,50,交岔路,死亡0;受傷1,120.200644,22.979653
20180102,A2,彰化縣永靖鄉,鄉道,60,單路部分,死亡0;受傷1,120.548245,23.920368
20180102,A2,雲林縣褒忠鄉,縣道,50,單路部分,死亡0;受傷1,120.321214,23.697143
20180102,A2,桃園市平鎮,市區道路,50,交岔路,死亡0;受傷1,121.23044,24.904139
20180102,A2,新北市板橋區,市區道路,50,交岔路,死亡0;受傷1,121.464223,24.994441
20180102,A2,臺中市北區,市區道路,50,單路部分,死亡0;受傷1,120.670374,24.160238
20180102,A2,高雄市苓雅區,市區道路,50,交岔路,死亡0;受傷2,120.331,22.62787
20180102,A2,彰化縣彰化市,市區道路,50,單路部分,死亡0;受傷1,120.544285,24.085174
20180102,A2,屏東縣萬丹鄉,村里道路,40,交岔路,死亡0;受傷1,120.506879,22.599591
20180102,A2,高雄市三民區,市區道路,40,交岔路,死亡0;受傷1,120.304854,22.640994
20180102,A2,桃園市桃園區,市區道路,50,單路部分,死亡0;受傷1,121.314315,24.990182
20180102,A2,彰化縣芬園鄉,縣道,70,交岔路,死亡0;受傷2,120.625257,24.021617
20180102,A2,臺中市東區,市區道路,50,交岔路,死亡0;受傷1,120.702431,24.140337
20180102,A2,彰化縣彰化市,市區道路,60,交岔路,死亡0;受傷2,120.546287,24.096053
20180102,A2,臺南市仁德區,市區道路,70,單路部分,死亡0;受傷1,120.219584,22.947131
20180102,A2,桃園市八德區,村里道路,50,交岔路,死亡0;受傷2,121.272225,24.932224
20180102,A2,臺東縣臺東市,市區道路,40,交岔路,死亡0;受傷1,121.108445,22.790693
20180102,A2,臺北市士林區,市區道路,50,交岔路,死亡0;受傷2,121.524796,25.080002
20180102,A2,臺中市豐原區,市區道路,50,單路部分,死亡0;受傷1,120.720285,24.26486
20180102,A2,臺中市西屯區,市區道路,40,交岔路,死亡0;受傷1,120.616675,24.182209
20180102,A2,苗栗縣苗栗市,市區道路,50,單路部分,死亡0;受傷1,120.831048,24.571838
20180102,A2,臺南市永康區,市區道路,50,交岔路,死亡0;受傷1,120.250082,23.031113
20180102,A2,新北市三重區,市區道路,50,交岔路,死亡0;受傷2,121.490718,25.069045
20180102,A2,臺北市松山區,市區道路,30,單路部分,死亡0;受傷1,121.565189,25.064254
20180102,A2,高雄市三民區,市區道路,40,單路部分,死亡0;受傷2,120.0,22.0
20180102,A2,新北市蘆洲區,市區道路,30,單路部分,死亡0;受傷2,121.465563,25.08783
20180102,A2,臺中市西區,市區道路,50,交岔路,死亡0;受傷2,120.661888,24.158658
20180102,A2,臺中市西區,市區道路,50,單路部分,死亡0;受傷1,120.670813,24.141159
20180102,A2,新北市永和區,市區道路,40,交岔路,死亡0;受傷1,121.525671,25.006072
20180102,A2,臺南市中西區,市區道路,50,交岔路,死亡0;受傷1,120.195283,22.995694
20180102,A2,宜蘭縣宜蘭市,市區道路,50,交岔路,死亡0;受傷1,121.757513,24.754714
20180102,A2,高雄市三民區,市區道路,40,交岔路,死亡0;受傷1,120.344933,22.638496
20180102,A2,臺中市西區,市區道路,50,交岔路,死亡0;受傷1,120.674309,24.137387
20180102,A2,高雄市左營區,市區道路,40,交岔路,死亡0;受傷2,120.305839,22.683477
20180102,A2,臺南市玉井區,市區道路,50,交岔路,死亡0;受傷1,120.457138,23.121588
20180102,A2,臺南市永康區,市區道路,40,單路部分,死亡0;受傷1,120.268311,23.006848
20180102,A2,臺中市中區,市區道路,50,交岔路,死亡0;受傷2,120.682201,24.135917
20180102,A2,臺北市內湖區,市區道路,50,單路部分,死亡0;受傷1,121.578414,25.062054
20180102,A2,桃園市中壢區,市區道路,50,交岔路,死亡0;受傷2,121.239868,24.959222
20180102,A2,高雄市左營區,市區道路,40,單路部分,死亡0;受傷2,120.319047,22.67898
20180102,A2,桃園市桃園區,市區道路,50,交岔路,死亡0;受傷1,121.285612,24.995386
20180102,A2,臺南市安南區,市區道路,60,單路部分,死亡0;受傷3,120.213464,23.059126
20180102,A2,嘉義縣義竹鄉,鄉道,60,單路部分,死亡0;受傷1,120.213227,23.335632
20180102,A2,桃園市八德區,市區道路,20,交岔路,死亡0;受傷1,121.293159,24.960469
20180102,A2,高雄市三民區,市區道路,40,單路部分,死亡0;受傷1,120.0,22.0
20180102,A2,桃園市中壢區,市區道路,40,單路部分,死亡0;受傷2,121.252263,24.965994
20180102,A2,高雄市路竹區,市區道路,40,單路部分,死亡0;受傷1,120.2668,22.8675
20180102,A2,新竹市北區,市區道路,50,單路部分,死亡0;受傷2,120.96743,24.813732
20180102,A2,新竹市東區,其他,40,單路部分,死亡0;受傷1,120.996273,24.820919
20180102,A2,新竹縣竹北市,市區道路,50,交岔路,死亡0;受傷1,121.023555,24.808685
20180102,A2,新北市永和區,市區道路,50,單路部分,死亡0;受傷1,121.528716,24.997209
20180102,A2,高雄市鳥松區,市區道路,50,單路部分,死亡0;受傷1,120.35672,22.654779
20180102,A2,高雄市鼓山區,市區道路,40,交岔路,死亡0;受傷1,120.275358,22.655325
